Travel ID,User ID,Travel/Stop,Trip Index,Start Time,End Time,Duration (Seconds),Start Lat,Start Lon,End Lat,End Lon,Final Mode,Predicted Mode,Main Activity,Validated?
7807928-7810620,643,Travel,1,2016-02-16 18:33:34 UTC,2016-02-17 03:12:49 UTC,31155.0,1.3416755760407546,103.96382671367019,1.3399256491640812,103.96103802719276,Default,,,false
7810620,643,Stop,,2016-02-17 03:12:49 UTC,2016-02-17 05:26:53 UTC,8044,,,1.339925649,103.961038,Default,,--,FALSE
7810620-7812394,643,Travel,2,2016-02-17 05:26:53 UTC,2016-02-17 09:52:36 UTC,15943.0,1.3399256491640812,103.96103802719276,1.3348449990986613,103.96227189748953,Default,,,false
7812394,643,Stop,,2016-02-17 09:52:36 UTC,2016-02-17 11:05:36 UTC,4380,,,1.334844999,103.9622719,Default,,--,FALSE
7812394-7812813,643,Travel,3,2016-02-17 11:05:36 UTC,2016-02-17 11:17:40 UTC,724.0,1.3348449990986613,103.96227189748953,1.3417189051113367,103.9639723214037,Foot,,,false
7812813,643,Stop,,2016-02-17 11:17:40 UTC,2016-02-17 14:01:11 UTC,9811,,,1.341718905,103.9639723,Foot,,--,FALSE
7821279-7825011,643,Travel,4,2016-02-18 12:10:36 UTC,2016-02-18 13:23:20 UTC,4364.0,1.3417265165785144,103.96406943907945,1.3416950999903325,103.96395037486081,Default,,,false
7825011,643,Stop,,2016-02-18 13:23:20 UTC,2016-02-19 00:53:52 UTC,41432,,,1.3416951,103.9639504,Default,,--,FALSE
7825011-7828130,643,Travel,5,2016-02-19 00:53:52 UTC,2016-02-19 01:00:04 UTC,372.0,1.3416950999903325,103.96395037486081,1.3403120917015436,103.96203637041762,Foot,,,false
7828130,643,Stop,,2016-02-19 01:00:04 UTC,2016-02-19 02:43:22 UTC,6198,,,1.340312092,103.9620364,Foot,,--,FALSE
7828130-7828134,643,Travel,6,2016-02-19 02:43:22 UTC,2016-02-19 02:44:42 UTC,80.0,1.3403120917015436,103.96203637041762,1.3414112871228905,103.96339639981021,Foot,,,false
7828134,643,Stop,,2016-02-19 02:44:42 UTC,2016-02-19 03:30:33 UTC,2751,,,1.341411287,103.9633964,Foot,,--,FALSE
7828134-7828216,643,Travel,7,2016-02-19 03:30:33 UTC,2016-02-19 03:34:41 UTC,248.0,1.3414112871228905,103.96339639981021,1.3398533207667902,103.96098642830708,Foot,,,false
7828216,643,Stop,,2016-02-19 03:34:41 UTC,2016-02-19 03:35:56 UTC,75,,,1.339853321,103.9609864,Foot,,--,FALSE
7828216-7828217,643,Travel,8,2016-02-19 03:35:56 UTC,2016-02-19 03:36:45 UTC,49.0,1.3398533207667902,103.96098642830708,1.340720401634829,103.96246236654912,Foot,,,false
7828217,643,Stop,,2016-02-19 03:36:45 UTC,2016-02-19 06:54:48 UTC,11883,,,1.340720402,103.9624624,Foot,,--,FALSE
7828217-7829683,643,Travel,9,2016-02-19 06:54:48 UTC,2016-02-19 09:16:10 UTC,8482.0,1.340720401634829,103.96246236654912,1.3401032245801394,103.9601385115376,Default,,,false
7829683,643,Stop,,2016-02-19 09:16:10 UTC,2016-02-19 09:27:09 UTC,659,,,1.340103225,103.9601385,Default,,--,FALSE
7829683-7829685,643,Travel,10,2016-02-19 09:27:09 UTC,2016-02-19 09:33:01 UTC,352.0,1.3401032245801394,103.9601385115376,1.3424601178130933,103.9536892175222,Default,,,false
7829685,643,Stop,,2016-02-19 09:33:01 UTC,2016-02-19 09:36:28 UTC,207,,,1.342460118,103.9536892,Default,,Change Mode/Transfer,FALSE
7829685-7829686,643,Travel,10,2016-02-19 09:36:28 UTC,2016-02-19 09:42:19 UTC,351.0,1.3424601178130933,103.9536892175222,1.353448427364071,103.945366941938,Car/Van,,,false
7829686,643,Stop,,2016-02-19 09:42:19 UTC,2016-02-19 13:55:32 UTC,15193,,,1.353448427,103.9453669,Car/Van,,--,FALSE
7829686-7834316,643,Travel,11,2016-02-19 13:55:32 UTC,2016-02-19 14:02:49 UTC,437.0,1.353448427364071,103.945366941938,1.3274361437309694,103.94676504274753,LRT/MRT,,,false
7834316,643,Stop,,2016-02-19 14:02:49 UTC,2016-02-19 14:09:19 UTC,390,,,1.327436144,103.946765,LRT/MRT,,Change Mode/Transfer,FALSE
7834316-7834319,643,Travel,11,2016-02-19 14:09:19 UTC,2016-02-19 14:18:57 UTC,578.0,1.3274361437309694,103.94676504274753,1.3392953907515222,103.96161004861167,Car/Van,,,false
7834319,643,Stop,,2016-02-19 14:18:57 UTC,2016-02-19 14:23:05 UTC,248,,,1.339295391,103.96161,Car/Van,,Change Mode/Transfer,FALSE
7834319-7834321,643,Travel,11,2016-02-19 14:23:05 UTC,2016-02-19 14:29:16 UTC,371.0,1.3392953907515222,103.96161004861167,1.3415426662804015,103.96361821903702,Foot,,,false
7834321,643,Stop,,2016-02-19 14:29:16 UTC,2016-02-20 04:59:51 UTC,52235,,,1.341542666,103.9636182,Foot,,--,FALSE
7834321-7835041,643,Travel,12,2016-02-20 04:59:51 UTC,2016-02-20 05:23:57 UTC,1446.0,1.3415426662804015,103.96361821903702,1.3425055206627587,103.95335442264424,Foot,,,false
7835041,643,Stop,,2016-02-20 05:23:57 UTC,2016-02-20 06:58:15 UTC,5658,,,1.342505521,103.9533544,Foot,,--,FALSE
7835041-7837763,643,Travel,13,2016-02-20 06:58:15 UTC,2016-02-20 07:07:20 UTC,545.0,1.3425055206627587,103.95335442264424,1.34464553256164,103.9574932680876,Foot,,,false
7837763,643,Stop,,2016-02-20 07:07:20 UTC,2016-02-20 07:12:01 UTC,281,,,1.344645533,103.9574933,Foot,,--,FALSE
7837763-7837766,643,Travel,14,2016-02-20 07:12:01 UTC,2016-02-20 07:21:40 UTC,579.0,1.34464553256164,103.9574932680876,1.340853363866168,103.9607785034696,Foot,,,false
7837766,643,Stop,,2016-02-20 07:21:40 UTC,2016-02-20 07:26:30 UTC,290,,,1.340853364,103.9607785,Foot,,Change Mode/Transfer,FALSE
7837766-7837768,643,Travel,14,2016-02-20 07:26:30 UTC,2016-02-20 07:33:23 UTC,413.0,1.340853363866168,103.9607785034696,1.3415411149175807,103.96462843302827,Car/Van,,,false
7837768,643,Stop,,2016-02-20 07:33:23 UTC,2016-02-20 12:59:39 UTC,19576,,,1.341541115,103.9646284,Car/Van,,--,FALSE
7837768-7850544,643,Travel,15,2016-02-20 12:59:39 UTC,2016-02-20 13:23:04 UTC,1405.0,1.3415411149175807,103.96462843302827,1.3414949321412475,103.96379923320367,Foot,,,false
7850544,643,Stop,,2016-02-20 13:23:04 UTC,2016-02-21 21:25:29 UTC,115345,,,1.341494932,103.9637992,Foot,,--,FALSE
7850544-7856715,643,Travel,16,2016-02-21 21:25:29 UTC,2016-02-22 10:27:46 UTC,46937.0,1.3414949321412475,103.96379923320367,1.3363000834717265,103.9635262471709,Default,,,false
7856715,643,Stop,,2016-02-22 10:27:46 UTC,2016-02-22 10:49:26 UTC,1300,,,1.336300083,103.9635262,Default,,--,FALSE
7856715-7861183,643,Travel,17,2016-02-22 10:49:26 UTC,2016-02-22 10:52:11 UTC,165.0,1.3363000834717265,103.9635262471709,1.338824933863875,103.96447081416423,Foot,,,false
7861183,643,Stop,,2016-02-22 10:52:11 UTC,2016-02-22 10:55:38 UTC,207,,,1.338824934,103.9644708,Foot,,--,FALSE
7861183-7861185,643,Travel,18,2016-02-22 10:55:38 UTC,2016-02-22 10:57:00 UTC,82.0,1.338824933863875,103.96447081416423,1.3416671309436197,103.96403645299328,Foot,,,false
7861185,643,Stop,,2016-02-22 10:57:00 UTC,2016-02-23 03:05:06 UTC,58086,,,1.341667131,103.9640365,Foot,,--,FALSE
7861185-7862802,643,Travel,19,2016-02-23 03:05:06 UTC,2016-02-23 03:07:12 UTC,126.0,1.3416671309436197,103.96403645299328,1.3405654265050309,103.96302157335572,Foot,,,false
7862802,643,Stop,,2016-02-23 03:07:12 UTC,2016-02-23 05:28:27 UTC,8475,,,1.340565427,103.9630216,Foot,,--,FALSE
7862802-7862841,643,Travel,20,2016-02-23 05:28:27 UTC,2016-02-23 05:33:16 UTC,289.0,1.3405654265050309,103.96302157335572,1.3398007888331376,103.96109807339242,Foot,,,false
7862841,643,Stop,,2016-02-23 05:33:16 UTC,2016-02-23 09:15:47 UTC,13351,,,1.339800789,103.9610981,Foot,,--,FALSE
7862841-7863863,643,Travel,21,2016-02-23 09:15:47 UTC,2016-02-23 09:21:58 UTC,371.0,1.3398007888331376,103.96109807339242,1.3417491583126273,103.96398848625464,Default,,,false
7863863,643,Stop,,2016-02-23 09:21:58 UTC,2016-02-23 11:35:09 UTC,7991,,,1.341749158,103.9639885,Default,,--,FALSE
7863863-7866223,643,Travel,22,2016-02-23 11:35:09 UTC,2016-02-23 11:42:02 UTC,413.0,1.3417491583126273,103.96398848625464,1.3396154660395454,103.96106660073252,Foot,,,false
7866223,643,Stop,,2016-02-23 11:42:02 UTC,2016-02-23 11:52:22 UTC,620,,,1.339615466,103.9610666,Foot,,--,FALSE
7866223-7866226,643,Travel,23,2016-02-23 11:52:22 UTC,2016-02-23 12:03:35 UTC,673.0,1.3396154660395454,103.96106660073252,1.3273299430900662,103.94573611386205,Car/Van,,,false
7866226,643,Stop,,2016-02-23 12:03:35 UTC,2016-02-23 12:04:44 UTC,69,,,1.327329943,103.9457361,Car/Van,,Change Mode/Transfer,FALSE
7866226-7866227,643,Travel,23,2016-02-23 12:04:44 UTC,2016-02-23 12:13:01 UTC,497.0,1.3273299430900662,103.94573611386205,1.3242940439139055,103.93008504858878,LRT/MRT,,,false
7866227,643,Stop,,2016-02-23 12:13:01 UTC,2016-02-23 12:27:27 UTC,866,,,1.324294044,103.930085,LRT/MRT,,--,FALSE
7866227-7866231,643,Travel,24,2016-02-23 12:27:27 UTC,2016-02-23 12:31:09 UTC,222.0,1.3242940439139055,103.93008504858878,1.3244163700358458,103.9330418436567,Foot,,,false
7866231,643,Stop,,2016-02-23 12:31:09 UTC,2016-02-23 12:34:00 UTC,171,,,1.32441637,103.9330418,Foot,,Change Mode/Transfer,FALSE
7866231-7866236,643,Travel,24,2016-02-23 12:34:00 UTC,2016-02-23 12:47:46 UTC,826.0,1.3244163700358458,103.9330418436567,1.3315688444659912,103.95381616708663,Bus,,,false
7866236,643,Stop,,2016-02-23 12:47:46 UTC,2016-02-23 12:49:08 UTC,82,,,1.331568844,103.9538162,Bus,,Change Mode/Transfer,FALSE
7866236-7866237,643,Travel,24,2016-02-23 12:49:08 UTC,2016-02-23 12:51:53 UTC,165.0,1.3315688444659912,103.95381616708663,1.34029808580495,103.96109219564903,Default,,,false
7866237,643,Stop,,2016-02-23 12:51:53 UTC,2016-02-23 12:55:21 UTC,208,,,1.340298086,103.9610922,Default,,Change Mode/Transfer,FALSE
7866237-7866239,643,Travel,24,2016-02-23 12:55:21 UTC,2016-02-23 12:59:27 UTC,246.0,1.34029808580495,103.96109219564903,1.3417517064788345,103.9639194935686,Foot,,,false
7866239,643,Stop,,2016-02-23 12:59:27 UTC,2016-02-23 19:43:35 UTC,24248,,,1.341751706,103.9639195,Foot,,Home,TRUE
7866239-7892674,643,Travel,25,2016-02-23 19:43:35 UTC,2016-02-24 11:02:56 UTC,55161.0,1.3417517064788345,103.9639194935686,1.3346806273018095,103.96236609925064,Default,,,false
7892674,643,Stop,,2016-02-24 11:02:56 UTC,2016-02-24 11:10:31 UTC,455,,,1.334680627,103.9623661,Default,,Change Mode/Transfer,FALSE
7892674-7892676,643,Travel,25,2016-02-24 11:10:31 UTC,2016-02-24 11:16:43 UTC,372.0,1.3346806273018095,103.96236609925064,1.3381585191479346,103.96420413397517,Foot,,,false
7892676,643,Stop,,2016-02-24 11:16:43 UTC,2016-02-24 11:18:05 UTC,82,,,1.338158519,103.9642041,Foot,,Change Mode/Transfer,FALSE
7892676-7892677,643,Travel,25,2016-02-24 11:18:05 UTC,2016-02-24 11:51:11 UTC,1986.0,1.3381585191479346,103.96420413397517,1.341484547761322,103.96371311712576,Default,,,false
7892677,643,Stop,,2016-02-24 11:51:11 UTC,2016-02-25 18:21:50 UTC,109839,,,1.341484548,103.9637131,Default,,--,FALSE
7892677-7892790,643,Travel,26,2016-02-25 18:21:50 UTC,2016-02-26 02:19:13 UTC,28643.0,1.341484547761322,103.96371311712576,1.3402837927172429,103.96182364599917,Default,,,false
7892790,643,Stop,,2016-02-26 02:19:13 UTC,2016-02-26 02:24:35 UTC,322,,,1.340283793,103.9618236,Default,,--,FALSE
7892790-7892791,643,Travel,27,2016-02-26 02:24:35 UTC,2016-02-26 03:03:27 UTC,2332.0,1.3402837927172429,103.96182364599917,1.3416685001175612,103.9634354116136,Default,,,false
7892791,643,Stop,,2016-02-26 03:03:27 UTC,2016-02-26 03:30:06 UTC,1599,,,1.3416685,103.9634354,Default,,Meal/Eating Break,TRUE
7892791-7892834,643,Travel,28,2016-02-26 03:30:06 UTC,2016-02-26 03:38:22 UTC,496.0,1.3416685001175612,103.9634354116136,1.3406021749158925,103.96248219320006,Foot,,,true
7892834,643,Stop,,2016-02-26 03:38:22 UTC,2016-02-26 05:29:16 UTC,6654,,,1.340602175,103.9624822,Foot,,Education,TRUE
7892834-7896046,643,Travel,29,2016-02-26 05:29:16 UTC,2016-02-26 05:33:27 UTC,251.0,1.3406021749158925,103.96248219320006,1.3417213694004104,103.96377665820532,Foot,,,true
7896046,643,Stop,,2016-02-26 05:33:27 UTC,2016-02-26 12:02:04 UTC,23317,,,1.341721369,103.9637767,Foot,,Home,TRUE
7896046-7896065,643,Travel,30,2016-02-26 12:02:04 UTC,2016-02-26 12:08:16 UTC,372.0,1.3417213694004104,103.96377665820532,1.3395476185880426,103.96098352166459,Foot,,,true
7896065,643,Stop,,2016-02-26 12:08:16 UTC,2016-02-26 12:25:05 UTC,1009,,,1.339547619,103.9609835,Foot,,Change Mode/Transfer,TRUE
7896065-7896141,643,Travel,30,2016-02-26 12:25:05 UTC,2016-02-26 12:45:26 UTC,1221.0,1.3395476185880426,103.96098352166459,1.3242055738247789,103.92987296109831,Bus,,,true
7896141,643,Stop,,2016-02-26 12:45:26 UTC,2016-02-26 13:40:30 UTC,3304,,,1.324205574,103.929873,Bus,,Meal/Eating Break,TRUE
7896141-7902643,643,Travel,31,2016-02-26 13:40:30 UTC,2016-02-26 13:53:15 UTC,765.0,1.3242055738247789,103.92987296109831,1.3404338139910603,103.96107907503253,Bus,,,true
7902643,643,Stop,,2016-02-26 13:53:15 UTC,2016-02-26 13:58:46 UTC,331,,,1.340433814,103.9610791,Bus,,Change Mode/Transfer,TRUE
7902643-7902646,643,Travel,31,2016-02-26 13:58:46 UTC,2016-02-26 14:07:59 UTC,553.0,1.3404338139910603,103.96107907503253,1.3416113293961471,103.96399514909132,Foot,,,true
7902646,643,Stop,,2016-02-26 14:07:59 UTC,2016-02-27 02:23:19 UTC,44120,,,1.341611329,103.9639951,Foot,,Home,TRUE
7902646-7907772,643,Travel,32,2016-02-27 02:23:19 UTC,2016-02-27 02:58:59 UTC,2140.0,1.3416113293961471,103.96399514909132,1.3414907613139304,103.96426417051595,Default,,,false
7907772,643,Stop,,2016-02-27 02:58:59 UTC,2016-02-27 10:10:10 UTC,25871,,,1.341490761,103.9642642,Default,,Home,FALSE
7907772-7907801,643,Travel,33,2016-02-27 10:10:10 UTC,2016-02-27 10:46:46 UTC,2196.0,1.3414907613139304,103.96426417051595,1.3343156658614919,103.96276733669781,Foot,,,true
7907801,643,Stop,,2016-02-27 10:46:46 UTC,2016-02-27 11:19:09 UTC,1943,,,1.334315666,103.9627673,Foot,,Meal/Eating Break,TRUE
7907801-7907821,643,Travel,34,2016-02-27 11:19:09 UTC,2016-02-27 11:40:30 UTC,1281.0,1.3343156658614919,103.96276733669781,1.3385778785780196,103.97104627559871,Foot,,,true
7907821,643,Stop,,2016-02-27 11:40:30 UTC,2016-02-27 11:43:57 UTC,207,,,1.338577879,103.9710463,Foot,,Social,TRUE
7907821-7907823,643,Travel,35,2016-02-27 11:43:57 UTC,2016-02-27 11:44:39 UTC,42.0,1.3385778785780196,103.97104627559871,1.3400541097412157,103.97174343695151,Foot,,,true
7907823,643,Stop,,2016-02-27 11:44:39 UTC,2016-02-27 11:48:46 UTC,247,,,1.34005411,103.9717434,Foot,,Social,TRUE
7907823-7907829,643,Travel,36,2016-02-27 11:48:46 UTC,2016-02-27 12:16:20 UTC,1654.0,1.3400541097412157,103.97174343695151,1.3416174295082746,103.96424850803191,Foot,,,true
7907829,643,Stop,,2016-02-27 12:16:20 UTC,2016-02-28 09:19:30 UTC,75790,,,1.34161743,103.9642485,Foot,,--,FALSE
7907829-7916463,643,Travel,37,2016-02-28 09:19:30 UTC,2016-02-28 09:31:13 UTC,703.0,1.3416174295082746,103.96424850803191,1.35364836714395,103.94570687434276,Car/Van,,,true
7916463,643,Stop,,2016-02-28 09:31:13 UTC,2016-02-28 11:52:42 UTC,8489,,,1.353648367,103.9457069,Car/Van,,Meal/Eating Break,TRUE
7916463-7935353,643,Travel,38,2016-02-28 11:52:42 UTC,2016-02-28 12:00:44 UTC,482.0,1.35364836714395,103.94570687434276,1.3386209490992778,103.96013632446726,Car/Van,,,true
7935353,643,Stop,,2016-02-28 12:00:44 UTC,2016-02-28 12:02:20 UTC,96,,,1.338620949,103.9601363,Car/Van,,Change Mode/Transfer,TRUE
7935353-7935354,643,Travel,38,2016-02-28 12:02:20 UTC,2016-02-28 12:05:47 UTC,207.0,1.3386209490992778,103.96013632446726,1.3411477186073066,103.96347741236715,Foot,,,true
7935354,643,Stop,,2016-02-28 12:05:47 UTC,2016-03-01 05:46:37 UTC,150050,,,1.341147719,103.9634774,Foot,,--,FALSE
7935354-7937262,643,Travel,39,2016-03-01 05:46:37 UTC,2016-03-01 05:48:00 UTC,83.0,1.3411477186073066,103.96347741236715,1.3400357223303458,103.96144956866797,Foot,,,true
7937262,643,Stop,,2016-03-01 05:48:00 UTC,2016-03-01 07:52:42 UTC,7482,,,1.340035722,103.9614496,Foot,,Education,TRUE
7937262-7948705,643,Travel,40,2016-03-01 07:52:42 UTC,2016-03-01 07:55:38 UTC,176.0,1.3400357223303458,103.96144956866797,1.3412109287121878,103.96341238386533,Foot,,,true
7948705,643,Stop,,2016-03-01 07:55:38 UTC,2016-03-01 09:30:00 UTC,5662,,,1.341210929,103.9634124,Foot,,Home,TRUE
7948705-7948838,643,Travel,41,2016-03-01 09:30:00 UTC,2016-03-01 10:09:00 UTC,2340.0,1.3412109287121878,103.96341238386533,1.3344858534036628,103.96260768433612,Foot,,,true
7948838,643,Stop,,2016-03-01 10:09:00 UTC,2016-03-01 11:30:47 UTC,4907,,,1.334485853,103.9626077,Foot,,Meal/Eating Break,TRUE
7948838-7948842,643,Travel,42,2016-03-01 11:30:47 UTC,2016-03-01 11:39:51 UTC,544.0,1.3344858534036628,103.96260768433612,1.339306765286977,103.96476868043482,Foot,,,true
7948842,643,Stop,,2016-03-01 11:39:51 UTC,2016-03-01 11:41:48 UTC,117,,,1.339306765,103.9647687,Foot,,Change Mode/Transfer,TRUE
7948842-7948843,643,Travel,42,2016-03-01 11:41:48 UTC,2016-03-01 11:42:29 UTC,41.0,1.339306765286977,103.96476868043482,1.3413601300486446,103.96418300515207,Foot,,,true
7948843,643,Stop,,2016-03-01 11:42:29 UTC,2016-03-01 14:43:13 UTC,10844,,,1.34136013,103.964183,Foot,,Home,TRUE
7948926-7948928,643,Travel,43,2016-03-02 11:21:01 UTC,2016-03-02 11:27:13 UTC,372.0,1.3247391750779207,103.93529043337914,1.3266667891614383,103.93351982269873,Foot,,,true
7948928,643,Stop,,2016-03-02 11:27:13 UTC,2016-03-02 11:58:54 UTC,1901,,,1.326666789,103.9335198,Foot,,Meal/Eating Break,TRUE
7948928-7948930,643,Travel,44,2016-03-02 11:58:54 UTC,2016-03-02 12:05:47 UTC,413.0,1.3266667891614383,103.93351982269873,1.3242288657352947,103.9297203893203,Foot,,,true
7948930,643,Stop,,2016-03-02 12:05:47 UTC,2016-03-02 12:53:38 UTC,2871,,,1.324228866,103.9297204,Foot,,Meal/Eating Break,TRUE
7948930-7959814,643,Travel,45,2016-03-02 12:53:38 UTC,2016-03-02 13:08:47 UTC,909.0,1.3242288657352947,103.9297203893203,1.3365912752205598,103.95954331980624,Bus,Car/Van,,true
7959814,643,Stop,,2016-03-02 13:08:47 UTC,2016-03-02 13:10:09 UTC,82,,,1.336591275,103.9595433,Bus,Car/Van,Change Mode/Transfer,TRUE
7961986-7962050,643,Travel,45,2016-03-04 02:50:08 UTC,2016-03-04 02:52:12 UTC,124.0,1.3398148498996636,103.96107315671944,1.340507701903281,103.96278708508902,Foot,,,true
7962050,643,Stop,,2016-03-04 02:52:12 UTC,2016-03-04 06:52:43 UTC,14431,,,1.340507702,103.9627871,Foot,,Education,TRUE
7962050-7962188,643,Travel,46,2016-03-04 06:52:43 UTC,2016-03-04 07:37:19 UTC,2676.0,1.340507701903281,103.96278708508902,1.3417100793618206,103.96391517627788,Default,,,false
7962188,643,Stop,,2016-03-04 07:37:19 UTC,2016-03-04 08:59:06 UTC,4907,,,1.341710079,103.9639152,Default,,Home,TRUE
7962188-7964277,643,Travel,47,2016-03-04 08:59:06 UTC,2016-03-04 09:15:37 UTC,991.0,1.3417100793618206,103.96391517627788,1.3351202834879496,103.96168917408279,Foot,,,true
7964277,643,Stop,,2016-03-04 09:15:37 UTC,2016-03-04 09:20:07 UTC,270,,,1.335120283,103.9616892,Foot,,--,TRUE
7964277-7964279,643,Travel,48,2016-03-04 09:20:07 UTC,2016-03-04 09:32:10 UTC,723.0,1.3351202834879496,103.96168917408279,1.3241273247291154,103.9299725799801,LRT/MRT,Default,,true
7964279,643,Stop,,2016-03-04 09:32:10 UTC,2016-03-04 09:36:18 UTC,248,,,1.324127325,103.9299726,LRT/MRT,Default,Change Mode/Transfer,TRUE
7964279-7964280,643,Travel,48,2016-03-04 09:36:18 UTC,2016-03-04 09:53:00 UTC,1002.0,1.3241273247291154,103.9299725799801,1.3261576857161161,103.94310996672606,Foot,Default,,true
7964280,643,Stop,,2016-03-04 09:53:00 UTC,2016-03-04 11:01:36 UTC,4116,,,1.326157686,103.94311,Foot,Default,Meal/Eating Break,TRUE
7964280-7964282,643,Travel,49,2016-03-04 11:01:36 UTC,2016-03-04 11:09:52 UTC,496.0,1.3261576857161161,103.94310996672606,1.3416557745881597,103.96476665523578,Car/Van,,,true
7964282,643,Stop,,2016-03-04 11:09:52 UTC,2016-03-04 13:07:16 UTC,7044,,,1.341655775,103.9647667,Car/Van,,Home,TRUE
7969326-7974517,643,Travel,50,2016-03-05 03:32:55 UTC,2016-03-05 03:34:59 UTC,124.0,1.3407399862251885,103.96313179863739,1.341803260925034,103.96435482175303,Foot,,,true
7974517,643,Stop,,2016-03-05 03:34:59 UTC,2016-03-05 07:28:27 UTC,14008,,,1.341803261,103.9643548,Foot,,Meal/Eating Break,TRUE
7974517-7974573,643,Travel,51,2016-03-05 07:28:27 UTC,2016-03-05 07:30:15 UTC,108.0,1.341803260925034,103.96435482175303,1.340540019556789,103.96332459797968,Foot,,,true
7974573,643,Stop,,2016-03-05 07:30:15 UTC,2016-03-05 07:38:47 UTC,512,,,1.34054002,103.9633246,Foot,,Change Mode/Transfer,TRUE
7974573-7974575,643,Travel,51,2016-03-05 07:38:47 UTC,2016-03-05 07:46:21 UTC,454.0,1.340540019556789,103.96332459797968,1.3272096715880324,103.94629540104657,Bus,Car/Van,,true
7974575,643,Stop,,2016-03-05 07:46:21 UTC,2016-03-05 07:51:30 UTC,309,,,1.327209672,103.9462954,Bus,Car/Van,Change Mode/Transfer,TRUE
7974575-7974578,643,Travel,51,2016-03-05 07:51:30 UTC,2016-03-05 08:31:26 UTC,2396.0,1.3272096715880324,103.94629540104657,1.264820265510847,103.82191547183189,LRT/MRT,,,true
7974578,643,Stop,,2016-03-05 08:31:26 UTC,2016-03-05 09:50:32 UTC,4746,,,1.264820266,103.8219155,LRT/MRT,,Shopping,TRUE
7974578-7974636,643,Travel,52,2016-03-05 09:50:32 UTC,2016-03-05 10:46:00 UTC,3328.0,1.264820265510847,103.82191547183189,1.2843891905194265,103.84386040593138,LRT/MRT,,,true
7974636,643,Stop,,2016-03-05 10:46:00 UTC,2016-03-05 13:08:38 UTC,8558,,,1.284389191,103.8438604,LRT/MRT,,Meal/Eating Break,TRUE
7974636-7974670,643,Travel,53,2016-03-05 13:08:38 UTC,2016-03-05 13:27:07 UTC,1109.0,1.2843891905194265,103.84386040593138,1.284184207378365,103.85020450475187,Foot,,,true
7974670,643,Stop,,2016-03-05 13:27:07 UTC,2016-03-05 13:29:16 UTC,129,,,1.284184207,103.8502045,Foot,,Change Mode/Transfer,TRUE
7974670-7974671,643,Travel,53,2016-03-05 13:29:16 UTC,2016-03-05 14:09:14 UTC,2398.0,1.284184207378365,103.85020450475187,1.3273418282844196,103.94657745027007,LRT/MRT,Default,,true
7974671,643,Stop,,2016-03-05 14:09:14 UTC,2016-03-05 14:12:00 UTC,166,,,1.327341828,103.9465775,LRT/MRT,Default,Change Mode/Transfer,TRUE
7974671-7974672,643,Travel,53,2016-03-05 14:12:00 UTC,2016-03-05 14:18:19 UTC,379.0,1.3273418282844196,103.94657745027007,1.3362398418345545,103.96321482376075,LRT/MRT,Car/Van,,true
7974672,643,Stop,,2016-03-05 14:18:19 UTC,2016-03-05 14:20:00 UTC,101,,,1.336239842,103.9632148,LRT/MRT,Car/Van,Change Mode/Transfer,TRUE
7974672-7975432,643,Travel,53,2016-03-05 14:20:00 UTC,2016-03-05 14:43:55 UTC,1435.0,1.3362398418345545,103.96321482376075,1.3397438687804706,103.96472590952763,Foot,,,true
7975432,643,Stop,,2016-03-05 14:43:55 UTC,2016-03-05 14:48:31 UTC,276,,,1.339743869,103.9647259,Foot,,--,TRUE
7975432-7975434,643,Travel,54,2016-03-05 14:48:31 UTC,2016-03-05 14:50:52 UTC,141.0,1.3397438687804706,103.96472590952763,1.3416604698939218,103.9640652497522,Foot,,,true
7975434,643,Stop,,2016-03-05 14:50:52 UTC,2016-03-05 22:25:28 UTC,27276,,,1.34166047,103.9640652,Foot,,Home,TRUE
7975434-7975443,643,Travel,55,2016-03-05 22:25:28 UTC,2016-03-05 22:28:14 UTC,166.0,1.3416604698939218,103.9640652497522,1.3405077042888178,103.96322379359384,Foot,,,true
7975443,643,Stop,,2016-03-05 22:28:14 UTC,2016-03-05 22:30:18 UTC,124,,,1.340507704,103.9632238,Foot,,Change Mode/Transfer,TRUE
7975443-7975444,643,Travel,55,2016-03-05 22:30:18 UTC,2016-03-05 22:39:11 UTC,533.0,1.3405077042888178,103.96322379359384,1.3628257500779393,103.98967025827062,Car/Van,,,true
7975444,643,Stop,,2016-03-05 22:39:11 UTC,2016-03-05 23:51:10 UTC,4319,,,1.36282575,103.9896703,Car/Van,,Meal/Eating Break,TRUE
7975444-7978060,643,Travel,56,2016-03-05 23:51:10 UTC,2016-03-05 23:58:03 UTC,413.0,1.3628257500779393,103.98967025827062,1.3646748408841134,103.9936261688909,Foot,,,true
7978060,643,Stop,,2016-03-05 23:58:03 UTC,2016-03-06 00:26:37 UTC,1714,,,1.364674841,103.9936262,Foot,,Meal/Eating Break,TRUE
7978060-7978079,643,Travel,57,2016-03-06 00:26:37 UTC,2016-03-06 04:32:21 UTC,14744.0,1.3646748408841134,103.9936261688909,7.8810031031800065,98.29690820664486,Default,,,false
7978079,643,Stop,,2016-03-06 04:32:21 UTC,2016-03-06 10:24:52 UTC,21151,,,7.881003103,98.29690821,Default,,--,FALSE
7978079-7979649,643,Travel,58,2016-03-06 10:24:52 UTC,2016-03-06 10:26:57 UTC,125.0,7.8810031031800065,98.29690820664486,7.881157630773528,98.29857204429405,Foot,,,false
7979649,643,Stop,,2016-03-06 10:26:57 UTC,2016-03-06 10:37:04 UTC,607,,,7.881157631,98.29857204,Foot,,--,FALSE
7979649-7979651,643,Travel,59,2016-03-06 10:37:04 UTC,2016-03-06 10:50:40 UTC,816.0,7.881157630773528,98.29857204429405,7.907445123319125,98.29686454170692,Car/Van,,,false
7979651,643,Stop,,2016-03-06 10:50:40 UTC,2016-03-06 12:09:34 UTC,4734,,,7.907445123,98.29686454,Car/Van,,--,FALSE
7979651-7980578,643,Travel,60,2016-03-06 12:09:34 UTC,2016-03-06 12:20:15 UTC,641.0,7.907445123319125,98.29686454170692,7.89886559766971,98.30001913887827,Car/Van,,,false
7980578,643,Stop,,2016-03-06 12:20:15 UTC,2016-03-06 12:25:46 UTC,331,,,7.898865598,98.30001914,Car/Van,,--,FALSE
7980578-7980579,643,Travel,61,2016-03-06 12:25:46 UTC,2016-03-06 12:42:13 UTC,987.0,7.89886559766971,98.30001913887827,7.898993837481253,98.30000045131692,Car/Van,,,false
7980579,643,Stop,,2016-03-06 12:42:13 UTC,2016-03-06 12:48:10 UTC,357,,,7.898993837,98.30000045,Car/Van,,Change Mode/Transfer,FALSE
7980579-7980581,643,Travel,61,2016-03-06 12:48:10 UTC,2016-03-06 13:08:44 UTC,1234.0,7.898993837481253,98.30000045131692,7.881030631646816,98.29687680684887,Default,,,false
7980581,643,Stop,,2016-03-06 13:08:44 UTC,2016-03-06 13:37:03 UTC,1699,,,7.881030632,98.29687681,Default,,--,FALSE
7980581-7981925,643,Travel,62,2016-03-06 13:37:03 UTC,2016-03-06 13:38:08 UTC,65.0,7.881030631646816,98.29687680684887,7.881153621449757,98.2986148059534,Car/Van,,,false
7981925,643,Stop,,2016-03-06 13:38:08 UTC,2016-03-06 13:42:14 UTC,246,,,7.881153621,98.29861481,Car/Van,,--,FALSE
7981925-7981928,643,Travel,63,2016-03-06 13:42:14 UTC,2016-03-06 13:50:48 UTC,514.0,7.881153621449757,98.2986148059534,7.887685338835711,98.29969149287956,Car/Van,,,false
7981928,643,Stop,,2016-03-06 13:50:48 UTC,2016-03-06 14:01:48 UTC,660,,,7.887685339,98.29969149,Car/Van,,--,FALSE
7981928-7981932,643,Travel,64,2016-03-06 14:01:48 UTC,2016-03-06 14:27:57 UTC,1569.0,7.887685338835711,98.29969149287956,7.892705135963971,98.29821520787821,Car/Van,,,false
7981932,643,Stop,,2016-03-06 14:27:57 UTC,2016-03-06 14:36:53 UTC,536,,,7.892705136,98.29821521,Car/Van,,Change Mode/Transfer,FALSE
7981932-7981936,643,Travel,64,2016-03-06 14:36:53 UTC,2016-03-06 14:38:58 UTC,125.0,7.892705135963971,98.29821520787821,7.893578030735464,98.2967497763347,Default,,,false
7981936,643,Stop,,2016-03-06 14:38:58 UTC,2016-03-06 14:49:59 UTC,661,,,7.893578031,98.29674978,Default,,--,FALSE
7981936-7981941,643,Travel,65,2016-03-06 14:49:59 UTC,2016-03-06 14:51:21 UTC,82.0,7.893578030735464,98.2967497763347,7.892662434738302,98.29827235521014,Default,,,false
7981941,643,Stop,,2016-03-06 14:51:21 UTC,2016-03-06 15:46:48 UTC,3327,,,7.892662435,98.29827236,Default,,--,FALSE
7981941-7986977,643,Travel,66,2016-03-06 15:46:48 UTC,2016-03-06 15:47:29 UTC,41.0,7.892662434738302,98.29827235521014,7.891271376518364,98.29780023014762,Car/Van,,,false
7986977,643,Stop,,2016-03-06 15:47:29 UTC,2016-03-06 15:51:37 UTC,248,,,7.891271377,98.29780023,Car/Van,,--,FALSE
7986978-7987016,643,Travel,67,2016-03-07 03:38:36 UTC,2016-03-07 04:11:12 UTC,1956.0,7.881101931589686,98.29669252525267,7.881083584309462,98.29697782981421,Default,,,false
7987016,643,Stop,,2016-03-07 04:11:12 UTC,2016-03-07 05:54:27 UTC,6195,,,7.881083584,98.29697783,Default,,--,FALSE
7987016-7989859,643,Travel,68,2016-03-07 05:54:27 UTC,2016-03-07 05:55:09 UTC,42.0,7.881083584309462,98.29697782981421,7.881186942152377,98.2985740229034,Car/Van,,,false
7989859,643,Stop,,2016-03-07 05:55:09 UTC,2016-03-07 06:00:20 UTC,311,,,7.881186942,98.29857402,Car/Van,,Change Mode/Transfer,FALSE
7989859-7989860,643,Travel,68,2016-03-07 06:00:20 UTC,2016-03-07 06:05:50 UTC,330.0,7.881186942152377,98.2985740229034,7.887900544894606,98.29977238241072,Default,,,false
7989860,643,Stop,,2016-03-07 06:05:50 UTC,2016-03-07 06:18:57 UTC,787,,,7.887900545,98.29977238,Default,,--,FALSE
7989860-7989861,643,Travel,69,2016-03-07 06:18:57 UTC,2016-03-07 06:21:00 UTC,123.0,7.887900544894606,98.29977238241072,7.89113980987598,98.3013796009212,Car/Van,,,false
7989861,643,Stop,,2016-03-07 06:21:00 UTC,2016-03-07 06:26:50 UTC,350,,,7.89113981,98.3013796,Car/Van,,Change Mode/Transfer,FALSE
7989861-7989863,643,Travel,69,2016-03-07 06:26:50 UTC,2016-03-07 06:28:36 UTC,106.0,7.89113980987598,98.3013796009212,7.8913548364582216,98.29952636948863,Foot,,,false
7989863,643,Stop,,2016-03-07 06:28:36 UTC,2016-03-07 06:38:12 UTC,576,,,7.891354836,98.29952637,Foot,,Change Mode/Transfer,FALSE
7989863-7989866,643,Travel,69,2016-03-07 06:38:12 UTC,2016-03-07 06:41:32 UTC,200.0,7.8913548364582216,98.29952636948863,7.897321074763702,98.2966311736189,Car/Van,,,false
7989866,643,Stop,,2016-03-07 06:41:32 UTC,2016-03-07 07:18:07 UTC,2195,,,7.897321075,98.29663117,Car/Van,,--,FALSE
7989866-7989924,643,Travel,70,2016-03-07 07:18:07 UTC,2016-03-07 07:29:41 UTC,694.0,7.897321074763702,98.2966311736189,7.890855898965578,98.3015019132418,Default,,,false
7989924,643,Stop,,2016-03-07 07:29:41 UTC,2016-03-07 07:48:34 UTC,1133,,,7.890855899,98.30150191,Default,,--,FALSE
7989924-7990722,643,Travel,71,2016-03-07 07:48:34 UTC,2016-03-07 07:54:46 UTC,372.0,7.890855898965578,98.3015019132418,7.881093804711552,98.2973826077532,Car/Van,,,false
7990722,643,Stop,,2016-03-07 07:54:46 UTC,2016-03-07 11:15:23 UTC,12037,,,7.881093805,98.29738261,Car/Van,,--,FALSE
7990722-7990955,643,Travel,72,2016-03-07 11:15:23 UTC,2016-03-07 11:18:50 UTC,207.0,7.881093804711552,98.2973826077532,7.888237037684634,98.29167584527943,Car/Van,,,false
7990955,643,Stop,,2016-03-07 11:18:50 UTC,2016-03-07 12:05:57 UTC,2827,,,7.888237038,98.29167585,Car/Van,,--,FALSE
7990955-7991482,643,Travel,73,2016-03-07 12:05:57 UTC,2016-03-07 12:14:54 UTC,537.0,7.888237037684634,98.29167584527943,7.896058839055801,98.29929564027955,Car/Van,,,false
7991482,643,Stop,,2016-03-07 12:14:54 UTC,2016-03-07 13:26:32 UTC,4298,,,7.896058839,98.29929564,Car/Van,,--,FALSE
7991482-7991585,643,Travel,74,2016-03-07 13:26:32 UTC,2016-03-07 13:37:33 UTC,661.0,7.896058839055801,98.29929564027955,7.880923021187064,98.29696998634472,Car/Van,,,false
7991585,643,Stop,,2016-03-07 13:37:33 UTC,2016-03-07 14:17:30 UTC,2397,,,7.880923021,98.29696999,Car/Van,,--,FALSE
7991585-7991592,643,Travel,75,2016-03-07 14:17:30 UTC,2016-03-07 14:20:57 UTC,207.0,7.880923021187064,98.29696998634472,7.87898949905392,98.29190446210885,Car/Van,,,false
7991592,643,Stop,,2016-03-07 14:20:57 UTC,2016-03-07 15:43:36 UTC,4959,,,7.878989499,98.29190446,Car/Van,,--,FALSE
7991592-7992295,643,Travel,76,2016-03-07 15:43:36 UTC,2016-03-07 15:47:29 UTC,233.0,7.87898949905392,98.29190446210885,7.887633933312282,98.2915525445841,Car/Van,,,false
7992295,643,Stop,,2016-03-07 15:47:29 UTC,2016-03-07 15:52:18 UTC,289,,,7.887633933,98.29155254,Car/Van,,--,FALSE
7992295-7992297,643,Travel,77,2016-03-07 15:52:18 UTC,2016-03-07 15:59:33 UTC,435.0,7.887633933312282,98.2915525445841,7.895965760252063,98.29928486988851,Car/Van,,,false
7992297,643,Stop,,2016-03-07 15:59:33 UTC,2016-03-07 16:25:01 UTC,1528,,,7.89596576,98.29928487,Car/Van,,Entertainment,TRUE
7992297-7994887,643,Travel,78,2016-03-07 16:25:01 UTC,2016-03-07 16:30:41 UTC,340.0,7.895965760252063,98.29928486988851,7.881050380820181,98.29695017141313,Motorcycle/Scooter,Car/Van,,true
7994887,643,Stop,,2016-03-07 16:30:41 UTC,2016-03-07 18:31:16 UTC,7235,,,7.881050381,98.29695017,Motorcycle/Scooter,Car/Van,Home,TRUE
7994887-7994991,643,Travel,79,2016-03-07 18:31:16 UTC,2016-03-07 19:05:42 UTC,2066.0,7.881050380820181,98.29695017141313,7.910655473456602,98.29560010390017,Motorcycle/Scooter,Car/Van,,true
7994991,643,Stop,,2016-03-07 19:05:42 UTC,2016-03-07 19:30:09 UTC,1467,,,7.910655473,98.2956001,Motorcycle/Scooter,Car/Van,Entertainment,TRUE
7994991-8001429,643,Travel,80,2016-03-07 19:30:09 UTC,2016-03-07 19:50:16 UTC,1207.0,7.910655473456602,98.29560010390017,7.881079329366173,98.29689059062979,Motorcycle/Scooter,Car/Van,,true
8001429,643,Stop,,2016-03-07 19:50:16 UTC,2016-03-08 01:18:51 UTC,19715,,,7.881079329,98.29689059,Motorcycle/Scooter,Car/Van,Home,TRUE
8001429-8001456,643,Travel,81,2016-03-08 01:18:51 UTC,2016-03-08 01:21:41 UTC,170.0,7.881079329366173,98.29689059062979,7.88820008897065,98.29993058838627,Foot,Car/Van,,true
8001456,643,Stop,,2016-03-08 01:21:41 UTC,2016-03-08 08:22:58 UTC,25277,,,7.888200089,98.29993059,Foot,Car/Van,Entertainment,TRUE
8001456-8012224,643,Travel,82,2016-03-08 08:22:58 UTC,2016-03-08 08:44:01 UTC,1263.0,7.88820008897065,98.29993058838627,8.429040447002189,98.47149337227572,Car/Van,,,true
8012224,643,Stop,,2016-03-08 08:44:01 UTC,2016-03-08 08:47:13 UTC,192,,,8.429040447,98.47149337,Car/Van,,Entertainment,TRUE
8012224-8012230,643,Travel,83,2016-03-08 08:47:13 UTC,2016-03-08 09:04:28 UTC,1035.0,8.429040447002189,98.47149337227572,8.42913916355331,98.47147245496167,Car/Van,Default,,true
8012230,643,Stop,,2016-03-08 09:04:28 UTC,2016-03-08 09:07:13 UTC,165,,,8.429139164,98.47147245,Car/Van,Default,Entertainment,TRUE
8012231-8022938,643,Travel,84,2016-03-09 07:23:41 UTC,2016-03-09 09:13:19 UTC,6578.0,7.607058090082585,98.36777577965955,7.881141245972123,98.29713975902149,Car/Van,,,true
8022938,643,Stop,,2016-03-09 09:13:19 UTC,2016-03-09 10:24:14 UTC,4255,,,7.881141246,98.29713976,Car/Van,,Entertainment,TRUE
8022938-8022946,643,Travel,85,2016-03-09 10:24:14 UTC,2016-03-09 10:24:57 UTC,43.0,7.881141245972123,98.29713975902149,7.8812617786820285,98.29701626621275,Foot,,,true
8022946,643,Stop,,2016-03-09 10:24:57 UTC,2016-03-09 11:41:00 UTC,4563,,,7.881261779,98.29701627,Foot,,Home,TRUE
8022946-8022961,643,Travel,86,2016-03-09 11:41:00 UTC,2016-03-09 11:43:45 UTC,165.0,7.8812617786820285,98.29701626621275,7.881195378059123,98.29859818777844,Motorcycle/Scooter,Foot,,true
8022961,643,Stop,,2016-03-09 11:43:45 UTC,2016-03-09 11:49:57 UTC,372,,,7.881195378,98.29859819,Motorcycle/Scooter,Foot,Shopping,TRUE
8022961-8022962,643,Travel,87,2016-03-09 11:49:57 UTC,2016-03-09 11:51:20 UTC,83.0,7.881195378059123,98.29859818777844,7.882236822954308,98.29967848544288,Foot,,,true
8022962,643,Stop,,2016-03-09 11:51:20 UTC,2016-03-09 11:52:42 UTC,82,,,7.882236823,98.29967849,Foot,,Change Mode/Transfer,TRUE
8022962-8022963,643,Travel,87,2016-03-09 11:52:42 UTC,2016-03-09 12:06:49 UTC,847.0,7.882236822954308,98.29967848544288,7.893585411426091,98.29849297630628,Motorcycle/Scooter,Car/Van,,true
8022963,643,Stop,,2016-03-09 12:06:49 UTC,2016-03-09 12:37:49 UTC,1860,,,7.893585411,98.29849298,Motorcycle/Scooter,Car/Van,Change Mode/Transfer,TRUE
7808336-7810442,644,Travel,87,2016-02-17 01:49:18 UTC,2016-02-17 01:58:29 UTC,551.0,1.3424602470570295,103.96439862187407,1.3393758111764706,103.96084983294118,Foot,,,true
7810442,644,Stop,,2016-02-17 01:58:29 UTC,2016-02-17 02:01:48 UTC,199,,,1.339375811,103.9608498,Foot,,Change Mode/Transfer,TRUE
7810442-7810450,644,Travel,87,2016-02-17 02:01:48 UTC,2016-02-17 02:24:34 UTC,1366.0,1.3393758111764706,103.96084983294118,1.3254432786888455,103.93193913906066,Foot,,,true
7810450,644,Stop,,2016-02-17 02:24:34 UTC,2016-02-17 02:48:03 UTC,1409,,,1.325443279,103.9319391,Foot,,Medical/Dental (Self),TRUE
7810450-7810480,644,Travel,88,2016-02-17 02:48:03 UTC,2016-02-17 02:48:46 UTC,43.0,1.3254432786888455,103.93193913906066,1.3242956475122432,103.93071388312191,Bus,Car/Van,,true
7810480,644,Stop,,2016-02-17 02:48:46 UTC,2016-02-17 03:19:07 UTC,1821,,,1.324295648,103.9307139,Bus,Car/Van,Meal/Eating Break,TRUE
7810480-7811115,644,Travel,89,2016-02-17 03:19:07 UTC,2016-02-17 03:25:34 UTC,387.0,1.3242956475122432,103.93071388312191,1.327375174375,103.94608912812501,LRT/MRT,,,true
7811115,644,Stop,,2016-02-17 03:25:34 UTC,2016-02-17 03:26:44 UTC,70,,,1.327375174,103.9460891,LRT/MRT,,Change Mode/Transfer,TRUE
7811115-7811116,644,Travel,89,2016-02-17 03:26:44 UTC,2016-02-17 03:31:53 UTC,309.0,1.327375174375,103.94608912812501,1.339369912963564,103.96086722498879,Bus,,,true
7811116,644,Stop,,2016-02-17 03:31:53 UTC,2016-02-17 05:28:02 UTC,6969,,,1.339369913,103.9608672,Bus,,Work,TRUE
7811116-7811236,644,Travel,90,2016-02-17 05:28:02 UTC,2016-02-17 05:32:42 UTC,280.0,1.339369912963564,103.96086722498879,1.341671607592859,103.96328245664017,Foot,,,true
7811236,644,Stop,,2016-02-17 05:32:42 UTC,2016-02-17 06:53:10 UTC,4828,,,1.341671608,103.9632825,Foot,,Work,TRUE
7811236-7812087,644,Travel,91,2016-02-17 06:53:10 UTC,2016-02-17 07:33:58 UTC,2448.0,1.341671607592859,103.96328245664017,1.3420655472458298,103.96396815763299,Foot,,,true
7812087,644,Stop,,2016-02-17 07:33:58 UTC,2016-02-17 10:00:53 UTC,8815,,,1.342065547,103.9639682,Foot,,Work,TRUE
7812087-7812336,644,Travel,92,2016-02-17 10:00:53 UTC,2016-02-17 10:07:22 UTC,389.0,1.3420655472458298,103.96396815763299,1.3401129,103.9628616,Foot,,,true
7812336,644,Stop,,2016-02-17 10:07:22 UTC,2016-02-17 10:11:48 UTC,266,,,1.3401129,103.9628616,Foot,,Education,TRUE
7812336-7812342,644,Travel,93,2016-02-17 10:11:48 UTC,2016-02-17 10:22:10 UTC,622.0,1.3401129,103.9628616,1.3355000906211898,103.96356759714746,Foot,,,true
7812342,644,Stop,,2016-02-17 10:22:10 UTC,2016-02-17 11:29:16 UTC,4026,,,1.335500091,103.9635676,Foot,,Meal/Eating Break,TRUE
7812342-7812486,644,Travel,94,2016-02-17 11:29:16 UTC,2016-02-17 11:31:08 UTC,112.0,1.3355000906211898,103.96356759714746,1.3385363950000002,103.9645040709091,Foot,,,true
7812486,644,Stop,,2016-02-17 11:31:08 UTC,2016-02-17 11:34:46 UTC,218,,,1.338536395,103.9645041,Foot,,Change Mode/Transfer,TRUE
7812486-7812487,644,Travel,94,2016-02-17 11:34:46 UTC,2016-02-17 11:35:12 UTC,26.0,1.3385363950000002,103.9645040709091,1.3401129,103.9628616,Foot,Car/Van,,true
7812487,644,Stop,,2016-02-17 11:35:12 UTC,2016-02-17 11:51:58 UTC,1006,,,1.3401129,103.9628616,Foot,Car/Van,Change Mode/Transfer,TRUE
7812487-7820064,644,Travel,94,2016-02-17 11:51:58 UTC,2016-02-17 11:55:16 UTC,198.0,1.3401129,103.9628616,1.342381496349836,103.96453932203498,Foot,,,true
7820064,644,Stop,,2016-02-17 11:55:16 UTC,2016-02-18 00:28:58 UTC,45222,,,1.342381496,103.9645393,Foot,,Other Home,TRUE
7820064-7820082,644,Travel,95,2016-02-18 00:28:58 UTC,2016-02-18 00:34:44 UTC,346.0,1.342381496349836,103.96453932203498,1.3401129,103.9628616,Foot,,,true
7820082,644,Stop,,2016-02-18 00:34:44 UTC,2016-02-18 09:29:18 UTC,32074,,,1.3401129,103.9628616,Foot,,Education,TRUE
7826203-7838359,644,Travel,96,2016-02-19 05:24:42 UTC,2016-02-19 09:13:31 UTC,13729.0,1.3401129,103.9628616,1.3396915390322581,103.96105791548383,Foot,,,true
7838359,644,Stop,,2016-02-19 09:13:31 UTC,2016-02-19 09:17:35 UTC,244,,,1.339691539,103.9610579,Foot,,Change Mode/Transfer,TRUE
7838359-7838361,644,Travel,96,2016-02-19 09:17:35 UTC,2016-02-19 09:35:11 UTC,1056.0,1.3396915390322581,103.96105791548383,1.323663607368421,103.9291976436842,Bus,Car/Van,,true
7838361,644,Stop,,2016-02-19 09:35:11 UTC,2016-02-19 09:36:28 UTC,77,,,1.323663607,103.9291976,Bus,Car/Van,Meal/Eating Break,TRUE
7838365-7838369,644,Travel,97,2016-02-20 07:02:58 UTC,2016-02-20 07:44:23 UTC,2485.0,1.3951210324137928,103.90557285413793,1.3980767,103.91584820000003,Bus,,,true
7838369,644,Stop,,2016-02-20 07:44:23 UTC,2016-02-20 16:14:29 UTC,30606,,,1.3980767,103.9158482,Bus,,Home,TRUE
7838369-7843409,644,Travel,98,2016-02-20 16:14:29 UTC,2016-02-21 02:51:16 UTC,38207.0,1.3980767,103.91584820000003,1.3566986411842108,103.93251607842103,Car/Van,,,true
7843409,644,Stop,,2016-02-21 02:51:16 UTC,2016-02-21 02:52:31 UTC,75,,,1.356698641,103.9325161,Car/Van,,To Accompany Someone,TRUE
7843409-7843410,644,Travel,99,2016-02-21 02:52:31 UTC,2016-02-21 03:37:57 UTC,2726.0,1.3566986411842108,103.93251607842103,1.3968040991666666,103.90358052249996,Car/Van,,,true
7843410,644,Stop,,2016-02-21 03:37:57 UTC,2016-02-21 03:39:35 UTC,98,,,1.396804099,103.9035805,Car/Van,,Change Mode/Transfer,TRUE
7843410-7843412,644,Travel,99,2016-02-21 03:39:35 UTC,2016-02-21 03:51:35 UTC,720.0,1.3968040991666666,103.90358052249996,1.373292532142857,103.8477098962143,Car/Van,,,true
7843412,644,Stop,,2016-02-21 03:51:35 UTC,2016-02-21 03:56:12 UTC,277,,,1.373292532,103.8477099,Car/Van,,Shopping,TRUE
7843412-7843414,644,Travel,100,2016-02-21 03:56:12 UTC,2016-02-21 04:03:04 UTC,412.0,1.373292532142857,103.8477098962143,1.37149606,103.847829155,Foot,,,true
7843414,644,Stop,,2016-02-21 04:03:04 UTC,2016-02-21 04:29:33 UTC,1589,,,1.37149606,103.8478292,Foot,,Shopping,TRUE
7843414-7843900,644,Travel,101,2016-02-21 04:29:33 UTC,2016-02-21 05:23:11 UTC,3218.0,1.37149606,103.847829155,1.37203212,103.84710401083333,Foot,,,true
7843900,644,Stop,,2016-02-21 05:23:11 UTC,2016-02-21 05:39:23 UTC,972,,,1.37203212,103.847104,Foot,,Shopping,TRUE
7843900-7852259,644,Travel,102,2016-02-21 05:39:23 UTC,2016-02-21 06:05:26 UTC,1563.0,1.37203212,103.84710401083333,1.3423987321812656,103.96470368586691,Car/Van,,,true
7852259,644,Stop,,2016-02-21 06:05:26 UTC,2016-02-22 03:30:51 UTC,77125,,,1.342398732,103.9647037,Car/Van,,Other Home,TRUE
7852259-7853898,644,Travel,103,2016-02-22 03:30:51 UTC,2016-02-22 03:40:04 UTC,553.0,1.3423987321812656,103.96470368586691,1.3401129,103.9628616,Foot,,,true
7853898,644,Stop,,2016-02-22 03:40:04 UTC,2016-02-22 08:39:22 UTC,17958,,,1.3401129,103.9628616,Foot,,Education,TRUE
7853898-7859502,644,Travel,104,2016-02-22 08:39:22 UTC,2016-02-22 08:43:57 UTC,275.0,1.3401129,103.9628616,1.3423005146147846,103.964384230741,Foot,,,true
7859502,644,Stop,,2016-02-22 08:43:57 UTC,2016-02-23 00:02:50 UTC,55133,,,1.342300515,103.9643842,Foot,,Other Home,TRUE
7859502-7860078,644,Travel,105,2016-02-23 00:02:50 UTC,2016-02-23 00:30:17 UTC,1647.0,1.3423005146147846,103.964384230741,1.3240785541666666,103.93092174166668,Bus,Foot,,true
7860078,644,Stop,,2016-02-23 00:30:17 UTC,2016-02-23 00:31:19 UTC,62,,,1.324078554,103.9309217,Bus,Foot,Change Mode/Transfer,TRUE
7860078-7860087,644,Travel,105,2016-02-23 00:31:19 UTC,2016-02-23 01:08:39 UTC,2240.0,1.3240785541666666,103.93092174166668,1.3070272467500001,103.79040559450002,LRT/MRT,,,true
7860087,644,Stop,,2016-02-23 01:08:39 UTC,2016-02-23 01:13:49 UTC,310,,,1.307027247,103.7904056,LRT/MRT,,Change Mode/Transfer,TRUE
7860087-7860089,644,Travel,105,2016-02-23 01:13:49 UTC,2016-02-23 01:14:59 UTC,70.0,1.3070272467500001,103.79040559450002,1.298857000859344,103.78744430906156,LRT/MRT,,,true
7860089,644,Stop,,2016-02-23 01:14:59 UTC,2016-02-23 01:55:00 UTC,2401,,,1.298857001,103.7874443,LRT/MRT,,Work-Related Business,TRUE
7860089-7860722,644,Travel,106,2016-02-23 01:55:00 UTC,2016-02-23 01:55:51 UTC,51.0,1.298857000859344,103.78744430906156,1.307034252875817,103.79048375918302,LRT/MRT,,,true
7860722,644,Stop,,2016-02-23 01:55:51 UTC,2016-02-23 02:01:26 UTC,335,,,1.307034253,103.7904838,LRT/MRT,,Change Mode/Transfer,TRUE
7860722-7860732,644,Travel,106,2016-02-23 02:01:26 UTC,2016-02-23 02:36:23 UTC,2097.0,1.307034252875817,103.79048375918302,1.3245435359454625,103.93007233597353,LRT/MRT,,,true
7860732,644,Stop,,2016-02-23 02:36:23 UTC,2016-02-23 02:57:23 UTC,1260,,,1.324543536,103.9300723,LRT/MRT,,Change Mode/Transfer,TRUE
7860732-7861255,644,Travel,106,2016-02-23 02:57:23 UTC,2016-02-23 03:13:29 UTC,966.0,1.3245435359454625,103.93007233597353,1.3399065491465336,103.96098878318278,Bus,Car/Van,,true
7861255,644,Stop,,2016-02-23 03:13:29 UTC,2016-02-23 03:19:34 UTC,365,,,1.339906549,103.9609888,Bus,Car/Van,Change Mode/Transfer,TRUE
7861255-7861258,644,Travel,106,2016-02-23 03:19:34 UTC,2016-02-23 03:22:01 UTC,147.0,1.3399065491465336,103.96098878318278,1.3419314382560041,103.96389903211244,Foot,,,true
7861258,644,Stop,,2016-02-23 03:22:01 UTC,2016-02-23 04:59:31 UTC,5850,,,1.341931438,103.963899,Foot,,Other Home,TRUE
7861258-7861956,644,Travel,107,2016-02-23 04:59:31 UTC,2016-02-23 05:02:50 UTC,199.0,1.3419314382560041,103.96389903211244,1.3401129,103.9628616,Foot,,,true
7861956,644,Stop,,2016-02-23 05:02:50 UTC,2016-02-23 08:36:39 UTC,12829,,,1.3401129,103.9628616,Foot,,Education,TRUE
7861956-7868620,644,Travel,108,2016-02-23 08:36:39 UTC,2016-02-23 08:39:42 UTC,183.0,1.3401129,103.9628616,1.3422288300000003,103.964240295202,Foot,,,true
7868620,644,Stop,,2016-02-23 08:39:42 UTC,2016-02-23 10:55:33 UTC,8151,,,1.34222883,103.9642403,Foot,,Other Home,TRUE
7868620-7868624,644,Travel,109,2016-02-23 10:55:33 UTC,2016-02-23 11:01:35 UTC,362.0,1.3422288300000003,103.964240295202,1.3418150218067955,103.96400057638625,Foot,Default,,true
7868624,644,Stop,,2016-02-23 11:01:35 UTC,2016-02-24 02:37:25 UTC,56150,,,1.341815022,103.9640006,Foot,Default,Other Home,TRUE
7868624-7880857,644,Travel,110,2016-02-24 02:37:25 UTC,2016-02-24 02:40:44 UTC,199.0,1.3418150218067955,103.96400057638625,1.3400357367069238,103.96196592017196,Foot,,,true
7880857,644,Stop,,2016-02-24 02:40:44 UTC,2016-02-24 05:12:34 UTC,9110,,,1.340035737,103.9619659,Foot,,Education,TRUE
7880857-7880864,644,Travel,111,2016-02-24 05:12:34 UTC,2016-02-24 05:17:34 UTC,300.0,1.3400357367069238,103.96196592017196,1.3401129,103.9628616,Foot,,,true
7880864,644,Stop,,2016-02-24 05:17:34 UTC,2016-02-24 05:18:54 UTC,80,,,1.3401129,103.9628616,Foot,,Education,TRUE
7880864-7880865,644,Travel,112,2016-02-24 05:18:54 UTC,2016-02-24 05:19:16 UTC,22.0,1.3401129,103.9628616,1.3424545744725145,103.96453968288463,Foot,,,true
7880865,644,Stop,,2016-02-24 05:19:16 UTC,2016-02-25 00:31:23 UTC,69127,,,1.342454574,103.9645397,Foot,,Other Home,TRUE
7880865-7880891,644,Travel,113,2016-02-25 00:31:23 UTC,2016-02-25 00:42:28 UTC,665.0,1.3424545744725145,103.96453968288463,1.3401129,103.9628616,Foot,,,true
7880891,644,Stop,,2016-02-25 00:42:28 UTC,2016-02-25 08:39:50 UTC,28642,,,1.3401129,103.9628616,Foot,,Education,TRUE
7880891-7889581,644,Travel,114,2016-02-25 08:39:50 UTC,2016-02-25 11:08:34 UTC,8924.0,1.3401129,103.9628616,1.3424869743068553,103.96454708056055,Foot,,,true
7889581,644,Stop,,2016-02-25 11:08:34 UTC,2016-02-26 00:28:05 UTC,47971,,,1.342486974,103.9645471,Foot,,Other Home,TRUE
7889581-7891630,644,Travel,115,2016-02-26 00:28:05 UTC,2016-02-26 00:30:21 UTC,136.0,1.3424869743068553,103.96454708056055,1.341572818333333,103.96353167416669,Foot,,,true
7891630,644,Stop,,2016-02-26 00:30:21 UTC,2016-02-26 00:31:56 UTC,95,,,1.341572818,103.9635317,Foot,,Meal/Eating Break,TRUE
7891630-7891631,644,Travel,116,2016-02-26 00:31:56 UTC,2016-02-26 00:33:05 UTC,69.0,1.341572818333333,103.96353167416669,1.3401129,103.9628616,Foot,,,true
7891631,644,Stop,,2016-02-26 00:33:05 UTC,2016-02-26 00:34:40 UTC,95,,,1.3401129,103.9628616,Foot,,Education,TRUE
7891631-7891944,644,Travel,117,2016-02-26 00:34:40 UTC,2016-02-26 02:45:38 UTC,7858.0,1.3401129,103.9628616,1.3401129,103.9628616,Foot,,,true
7891944,644,Stop,,2016-02-26 02:45:38 UTC,2016-02-26 09:52:04 UTC,25586,,,1.3401129,103.9628616,Foot,,Education,TRUE
7891944-7901928,644,Travel,118,2016-02-26 09:52:04 UTC,2016-02-26 09:55:07 UTC,183.0,1.3401129,103.9628616,1.341701731755991,103.96376775367082,Foot,,,true
7901928,644,Stop,,2016-02-26 09:55:07 UTC,2016-02-27 02:42:22 UTC,60435,,,1.341701732,103.9637678,Foot,,Other Home,TRUE
7901928-7902516,644,Travel,119,2016-02-27 02:42:22 UTC,2016-02-27 02:55:00 UTC,758.0,1.341701731755991,103.96376775367082,1.3314432967948258,103.94775726107493,Bus,Foot,,true
7902516,644,Stop,,2016-02-27 02:55:00 UTC,2016-02-27 03:58:29 UTC,3809,,,1.331443297,103.9477573,Bus,Foot,Meal/Eating Break,TRUE
7902516-7904969,644,Travel,120,2016-02-27 03:58:29 UTC,2016-02-27 04:07:43 UTC,554.0,1.3314432967948258,103.94775726107493,1.3427132688888892,103.96182786777779,Bus,Car/Van,,true
7904969,644,Stop,,2016-02-27 04:07:43 UTC,2016-02-27 04:09:03 UTC,80,,,1.342713269,103.9618279,Bus,Car/Van,Change Mode/Transfer,TRUE
7904969-7904970,644,Travel,120,2016-02-27 04:09:03 UTC,2016-02-27 04:11:14 UTC,131.0,1.3427132688888892,103.96182786777779,1.3413018742857141,103.96212048,Foot,,,true
7904970,644,Stop,,2016-02-27 04:11:14 UTC,2016-02-27 04:12:26 UTC,72,,,1.341301874,103.9621205,Foot,,Change Mode/Transfer,TRUE
7904970-7904971,644,Travel,120,2016-02-27 04:12:26 UTC,2016-02-27 04:12:56 UTC,30.0,1.3413018742857141,103.96212048,1.3401839157142856,103.96104667142858,Foot,,,true
7904971,644,Stop,,2016-02-27 04:12:56 UTC,2016-02-27 04:14:04 UTC,68,,,1.340183916,103.9610467,Foot,,Change Mode/Transfer,TRUE
7904971-7904972,644,Travel,120,2016-02-27 04:14:04 UTC,2016-02-27 04:21:17 UTC,433.0,1.3401839157142856,103.96104667142858,1.3415240462704012,103.96516298649763,Foot,,,true
7904972,644,Stop,,2016-02-27 04:21:17 UTC,2016-02-27 10:38:16 UTC,22619,,,1.341524046,103.965163,Foot,,Other Home,TRUE
7904972-7906468,644,Travel,121,2016-02-27 10:38:16 UTC,2016-02-27 11:25:19 UTC,2823.0,1.3415240462704012,103.96516298649763,1.3950578666153848,103.90567162076923,Bus,Car/Van,,true
7906468,644,Stop,,2016-02-27 11:25:19 UTC,2016-02-27 11:34:04 UTC,525,,,1.395057867,103.9056716,Bus,Car/Van,Change Mode/Transfer,TRUE
7906468-7906470,644,Travel,121,2016-02-27 11:34:04 UTC,2016-02-27 11:42:15 UTC,491.0,1.3950578666153848,103.90567162076923,1.3980767,103.91584820000003,Bus,Car/Van,,true
7906470,644,Stop,,2016-02-27 11:42:15 UTC,2016-02-27 11:47:37 UTC,322,,,1.3980767,103.9158482,Bus,Car/Van,Home,TRUE
7906470-7906473,644,Travel,122,2016-02-27 11:47:37 UTC,2016-02-27 11:52:41 UTC,304.0,1.3980767,103.91584820000003,1.3997370075,103.91587340791668,Foot,,,true
7906473,644,Stop,,2016-02-27 11:52:41 UTC,2016-02-27 12:05:15 UTC,754,,,1.399737008,103.9158734,Foot,,Meal/Eating Break,TRUE
7906473-7906476,644,Travel,123,2016-02-27 12:05:15 UTC,2016-02-27 12:07:07 UTC,112.0,1.3997370075,103.91587340791668,1.3980767,103.91584820000003,Foot,,,true
7906476,644,Stop,,2016-02-27 12:07:07 UTC,2016-02-27 15:47:01 UTC,13194,,,1.3980767,103.9158482,Foot,,Home,TRUE
7907058-7912407,644,Travel,124,2016-02-27 16:39:19 UTC,2016-02-27 16:53:20 UTC,841.0,1.3576245541381637,103.94528337165617,1.3980767,103.91584820000003,Car/Van,,,true
7912407,644,Stop,,2016-02-27 16:53:20 UTC,2016-02-28 04:11:27 UTC,40687,,,1.3980767,103.9158482,Car/Van,,Home,TRUE
7912407-7913234,644,Travel,125,2016-02-28 04:11:27 UTC,2016-02-28 04:37:11 UTC,1544.0,1.3980767,103.91584820000003,1.3539800269117648,103.95520774269609,Car/Van,,,true
7913234,644,Stop,,2016-02-28 04:37:11 UTC,2016-02-28 04:39:45 UTC,154,,,1.353980027,103.9552077,Car/Van,,Change Mode/Transfer,TRUE
7913234-7913236,644,Travel,125,2016-02-28 04:39:45 UTC,2016-02-28 04:44:25 UTC,280.0,1.3539800269117648,103.95520774269609,1.3530029289714474,103.95368225421643,Foot,,,true
7913236,644,Stop,,2016-02-28 04:44:25 UTC,2016-02-28 05:45:57 UTC,3692,,,1.353002929,103.9536823,Foot,,To Accompany Someone,TRUE
7913236-7924936,644,Travel,126,2016-02-28 05:45:57 UTC,2016-02-28 05:58:41 UTC,764.0,1.3530029289714474,103.95368225421643,1.3424141412466195,103.96419231310946,Car/Van,,,true
7924936,644,Stop,,2016-02-28 05:58:41 UTC,2016-02-29 03:20:33 UTC,76912,,,1.342414141,103.9641923,Car/Van,,Other Home,TRUE
7924936-7926080,644,Travel,127,2016-02-29 03:20:33 UTC,2016-02-29 03:23:52 UTC,199.0,1.3424141412466195,103.96419231310946,1.3401129,103.9628616,Foot,,,true
7926080,644,Stop,,2016-02-29 03:23:52 UTC,2016-02-29 03:30:34 UTC,402,,,1.3401129,103.9628616,Foot,,Education,TRUE
7926080-7926083,644,Travel,128,2016-02-29 03:30:34 UTC,2016-02-29 03:31:34 UTC,60.0,1.3401129,103.9628616,1.3396449284081657,103.96230533130428,Car/Van,,,true
7926083,644,Stop,,2016-02-29 03:31:34 UTC,2016-02-29 09:26:17 UTC,21283,,,1.339644928,103.9623053,Car/Van,,Education,TRUE
7926083-7935606,644,Travel,129,2016-02-29 09:26:17 UTC,2016-02-29 09:27:58 UTC,101.0,1.3396449284081657,103.96230533130428,1.3421968358079899,103.96432350515505,Foot,,,true
7935606,644,Stop,,2016-02-29 09:27:58 UTC,2016-03-01 04:53:02 UTC,69904,,,1.342196836,103.9643235,Foot,,Other Home,TRUE
7935606-7935841,644,Travel,130,2016-03-01 04:53:02 UTC,2016-03-01 04:55:32 UTC,150.0,1.3421968358079899,103.96432350515505,1.3401129,103.9628616,Foot,,,true
7935841,644,Stop,,2016-03-01 04:55:32 UTC,2016-03-01 05:34:40 UTC,2348,,,1.3401129,103.9628616,Foot,,Education,TRUE
8561770-8562342,644,Travel,131,2016-05-20 03:22:39 UTC,2016-05-20 03:28:47 UTC,368.0,1.3397973655555555,103.9609100911111,1.342047249634195,103.96396792538712,Foot,,,true
8562342,644,Stop,,2016-05-20 03:28:47 UTC,2016-05-20 07:19:46 UTC,13859,,,1.34204725,103.9639679,Foot,,Other Home,TRUE
8562342-8567247,644,Travel,132,2016-05-20 07:19:46 UTC,2016-05-20 15:55:06 UTC,30920.0,1.342047249634195,103.96396792538712,1.342440653457447,103.96441111356383,Foot,,,true
8567247,644,Stop,,2016-05-20 15:55:06 UTC,2016-05-21 01:55:34 UTC,36028,,,1.342440653,103.9644111,Foot,,Other Home,TRUE
8567247-8567557,644,Travel,133,2016-05-21 01:55:34 UTC,2016-05-21 02:11:02 UTC,928.0,1.342440653457447,103.96441111356383,1.334919014375,103.96240843239582,Foot,,,true
8567557,644,Stop,,2016-05-21 02:11:02 UTC,2016-05-21 02:57:48 UTC,2806,,,1.334919014,103.9624084,Foot,,Change Mode/Transfer,TRUE
8567557-8567894,644,Travel,133,2016-05-21 02:57:48 UTC,2016-05-21 03:05:34 UTC,466.0,1.334919014375,103.96240843239582,1.3274393703333331,103.94691534033335,LRT/MRT,Car/Van,,true
8567894,644,Stop,,2016-05-21 03:05:34 UTC,2016-05-21 03:07:34 UTC,120,,,1.32743937,103.9469153,LRT/MRT,Car/Van,Change Mode/Transfer,TRUE
8567894-8567895,644,Travel,133,2016-05-21 03:07:34 UTC,2016-05-21 03:19:14 UTC,700.0,1.3274393703333331,103.94691534033335,1.3543367114285716,103.94395550714286,LRT/MRT,,,true
8567895,644,Stop,,2016-05-21 03:19:14 UTC,2016-05-21 03:26:21 UTC,427,,,1.354336711,103.9439555,LRT/MRT,,Change Mode/Transfer,TRUE
8567895-8567897,644,Travel,133,2016-05-21 03:26:21 UTC,2016-05-21 03:41:48 UTC,927.0,1.3543367114285716,103.94395550714286,1.39518076,103.90555937285714,Bus,Car/Van,,true
8567897,644,Stop,,2016-05-21 03:41:48 UTC,2016-05-21 03:45:20 UTC,212,,,1.39518076,103.9055594,Bus,Car/Van,Change Mode/Transfer,TRUE
8567897-8567899,644,Travel,133,2016-05-21 03:45:20 UTC,2016-05-21 03:55:41 UTC,621.0,1.39518076,103.90555937285714,1.39664800375,103.91497976062499,Bus,,,true
8567899,644,Stop,,2016-05-21 03:55:41 UTC,2016-05-21 03:56:58 UTC,77,,,1.396648004,103.9149798,Bus,,Change Mode/Transfer,TRUE
8567899-8567900,644,Travel,133,2016-05-21 03:56:58 UTC,2016-05-21 03:58:26 UTC,88.0,1.39664800375,103.91497976062499,1.3980767,103.91584820000003,Foot,,,true
8567900,644,Stop,,2016-05-21 03:58:26 UTC,2016-05-21 08:10:03 UTC,15097,,,1.3980767,103.9158482,Foot,,Home,TRUE
8567900-8576806,644,Travel,134,2016-05-21 08:10:03 UTC,2016-05-21 08:28:17 UTC,1094.0,1.3980767,103.91584820000003,1.4162437638095238,103.91490605428571,Bicycle,,,true
8576806,644,Stop,,2016-05-21 08:28:17 UTC,2016-05-21 08:32:52 UTC,275,,,1.416243764,103.9149061,Bicycle,,Sports/Exercise,TRUE
8576806-8576808,644,Travel,135,2016-05-21 08:32:52 UTC,2016-05-21 08:43:27 UTC,635.0,1.4162437638095238,103.91490605428571,1.4104159157291667,103.92347502385417,Bicycle,,,true
8576808,644,Stop,,2016-05-21 08:43:27 UTC,2016-05-21 08:51:21 UTC,474,,,1.410415916,103.923475,Bicycle,,Sports/Exercise,TRUE
8576808-8576811,644,Travel,136,2016-05-21 08:51:21 UTC,2016-05-21 08:57:48 UTC,387.0,1.4104159157291667,103.92347502385417,1.401919393,103.92972615079998,Bicycle,,,true
8576811,644,Stop,,2016-05-21 08:57:48 UTC,2016-05-21 09:03:44 UTC,356,,,1.401919393,103.9297262,Bicycle,,Sports/Exercise,TRUE
8576811-8576813,644,Travel,137,2016-05-21 09:03:44 UTC,2016-05-21 12:21:09 UTC,11845.0,1.401919393,103.92972615079998,1.3980767,103.91584820000003,Bicycle,,,true
8576813,644,Stop,,2016-05-21 12:21:09 UTC,2016-05-22 03:30:34 UTC,54565,,,1.3980767,103.9158482,Bicycle,,Home,TRUE
8576813-8576846,644,Travel,138,2016-05-22 03:30:34 UTC,2016-05-22 03:42:55 UTC,741.0,1.3980767,103.91584820000003,1.4067493277677694,103.90185374322058,Bicycle,,,true
8576846,644,Stop,,2016-05-22 03:42:55 UTC,2016-05-22 05:02:31 UTC,4776,,,1.406749328,103.9018537,Bicycle,,Meal/Eating Break,TRUE
8576846-8576944,644,Travel,139,2016-05-22 05:02:31 UTC,2016-05-22 05:09:52 UTC,441.0,1.4067493277677694,103.90185374322058,1.41059023,103.90660496565215,Bicycle,Foot,,true
8576944,644,Stop,,2016-05-22 05:09:52 UTC,2016-05-22 05:14:27 UTC,275,,,1.41059023,103.906605,Bicycle,Foot,Change Mode/Transfer,TRUE
8576944-8576945,644,Travel,139,2016-05-22 05:14:27 UTC,2016-05-22 05:22:38 UTC,491.0,1.41059023,103.90660496565215,1.3980767,103.91584820000003,Bicycle,,,true
8576945,644,Stop,,2016-05-22 05:22:38 UTC,2016-05-22 11:51:55 UTC,23357,,,1.3980767,103.9158482,Bicycle,,Home,TRUE
8576945-8577249,644,Travel,140,2016-05-22 11:51:55 UTC,2016-05-22 11:56:42 UTC,287.0,1.3980767,103.91584820000003,1.3969218947916668,103.91421089562499,Foot,,,true
8577249,644,Stop,,2016-05-22 11:56:42 UTC,2016-05-22 12:04:47 UTC,485,,,1.396921895,103.9142109,Foot,,Change Mode/Transfer,TRUE
8577249-8577251,644,Travel,140,2016-05-22 12:04:47 UTC,2016-05-22 12:20:56 UTC,969.0,1.3969218947916668,103.91421089562499,1.395521658,103.90476891758334,Bus,Car/Van,,true
8577251,644,Stop,,2016-05-22 12:20:56 UTC,2016-05-22 12:29:40 UTC,524,,,1.395521658,103.9047689,Bus,Car/Van,Change Mode/Transfer,TRUE
8577251-8577256,644,Travel,140,2016-05-22 12:29:40 UTC,2016-05-22 13:04:15 UTC,2075.0,1.395521658,103.90476891758334,1.34146814,103.96673825,Bus,Car/Van,,true
8577256,644,Stop,,2016-05-22 13:04:15 UTC,2016-05-22 13:05:42 UTC,87,,,1.34146814,103.9667383,Bus,Car/Van,Change Mode/Transfer,TRUE
8577256-8577257,644,Travel,140,2016-05-22 13:05:42 UTC,2016-05-22 13:08:44 UTC,182.0,1.34146814,103.96673825,1.3423698215094069,103.96469545325496,Foot,,,true
8577257,644,Stop,,2016-05-22 13:08:44 UTC,2016-05-23 04:56:22 UTC,56858,,,1.342369822,103.9646955,Foot,,Other Home,TRUE
8577257-8577841,644,Travel,141,2016-05-23 04:56:22 UTC,2016-05-23 04:59:16 UTC,174.0,1.3423698215094069,103.96469545325496,1.3401129,103.9628616,Foot,,,true
8577841,644,Stop,,2016-05-23 04:59:16 UTC,2016-05-23 05:28:06 UTC,1730,,,1.3401129,103.9628616,Foot,,Education,TRUE
8577841-8577842,644,Travel,142,2016-05-23 05:28:06 UTC,2016-05-23 05:31:05 UTC,179.0,1.3401129,103.9628616,1.3417952225469922,103.96344794548871,Foot,,,true
8577842,644,Stop,,2016-05-23 05:31:05 UTC,2016-05-23 09:26:26 UTC,14121,,,1.341795223,103.9634479,Foot,,Other Home,TRUE
8577842-8577847,644,Travel,143,2016-05-23 09:26:26 UTC,2016-05-23 09:29:33 UTC,187.0,1.3417952225469922,103.96344794548871,1.3401129,103.9628616,Foot,,,true
8577847,644,Stop,,2016-05-23 09:29:33 UTC,2016-05-23 10:02:44 UTC,1991,,,1.3401129,103.9628616,Foot,,Education,TRUE
8577847-8581558,644,Travel,144,2016-05-23 10:02:44 UTC,2016-05-23 10:05:32 UTC,168.0,1.3401129,103.9628616,1.341804949632453,103.96385229030125,Foot,,,true
8581558,644,Stop,,2016-05-23 10:05:32 UTC,2016-05-24 00:27:12 UTC,51700,,,1.34180495,103.9638523,Foot,,Other Home,TRUE
8581558-8592266,644,Travel,145,2016-05-24 00:27:12 UTC,2016-05-24 00:33:04 UTC,352.0,1.341804949632453,103.96385229030125,1.3409055892951254,103.96332191236465,Foot,,,true
8592266,644,Stop,,2016-05-24 00:33:04 UTC,2016-05-25 03:36:33 UTC,97409,,,1.340905589,103.9633219,Foot,,Education,TRUE
8592266-8592294,644,Travel,146,2016-05-25 03:36:33 UTC,2016-05-25 03:42:33 UTC,360.0,1.3409055892951254,103.96332191236465,1.3423719261106832,103.96453989939329,Foot,,,true
8592294,644,Stop,,2016-05-25 03:42:33 UTC,2016-05-25 08:18:42 UTC,16569,,,1.342371926,103.9645399,Foot,,Other Home,TRUE
8592294-8592299,644,Travel,147,2016-05-25 08:18:42 UTC,2016-05-25 08:50:02 UTC,1880.0,1.3423719261106832,103.96453989939329,1.3245371392278078,103.93003537434103,Bus,Car/Van,,true
8592299,644,Stop,,2016-05-25 08:50:02 UTC,2016-05-25 10:45:59 UTC,6957,,,1.324537139,103.9300354,Bus,Car/Van,Meal/Eating Break,TRUE
8592299-8592308,644,Travel,148,2016-05-25 10:45:59 UTC,2016-05-25 11:04:39 UTC,1120.0,1.3245371392278078,103.93003537434103,1.3439112000000002,103.96225275666666,Bus,,,true
8592308,644,Stop,,2016-05-25 11:04:39 UTC,2016-05-25 11:05:45 UTC,66,,,1.3439112,103.9622528,Bus,,Change Mode/Transfer,TRUE
8592308-8592309,644,Travel,148,2016-05-25 11:05:45 UTC,2016-05-25 11:13:35 UTC,470.0,1.3439112000000002,103.96225275666666,1.3425440229403596,103.96463658553569,Foot,,,true
8592309,644,Stop,,2016-05-25 11:13:35 UTC,2016-05-26 01:53:48 UTC,52813,,,1.342544023,103.9646366,Foot,,Other Home,TRUE
8592309-8592374,644,Travel,149,2016-05-26 01:53:48 UTC,2016-05-26 04:56:56 UTC,10988.0,1.3425440229403596,103.96463658553569,1.3408940281969115,103.96283340862341,Foot,,,true
8592374,644,Stop,,2016-05-26 04:56:56 UTC,2016-05-26 08:43:42 UTC,13606,,,1.340894028,103.9628334,Foot,,Education,TRUE
8592374-8592378,644,Travel,150,2016-05-26 08:43:42 UTC,2016-05-26 09:03:29 UTC,1187.0,1.3408940281969115,103.96283340862341,1.3244704982107844,103.92999933617645,Bus,,,true
8592378,644,Stop,,2016-05-26 09:03:29 UTC,2016-05-26 10:23:08 UTC,4779,,,1.324470498,103.9299993,Bus,,Meal/Eating Break,TRUE
8592378-8593608,644,Travel,151,2016-05-26 10:23:08 UTC,2016-05-26 10:50:01 UTC,1613.0,1.3244704982107844,103.92999933617645,1.3439109366666668,103.96208564833334,Bus,,,true
8593608,644,Stop,,2016-05-26 10:50:01 UTC,2016-05-26 10:52:48 UTC,167,,,1.343910937,103.9620856,Bus,,Change Mode/Transfer,TRUE
8593608-8593610,644,Travel,151,2016-05-26 10:52:48 UTC,2016-05-26 11:05:10 UTC,742.0,1.3439109366666668,103.96208564833334,1.3425423571528992,103.9646325037158,Foot,,,true
8593610,644,Stop,,2016-05-26 11:05:10 UTC,2016-05-27 00:24:01 UTC,47931,,,1.342542357,103.9646325,Foot,,Other Home,TRUE
8593610-8593613,644,Travel,152,2016-05-27 00:24:01 UTC,2016-05-27 00:27:04 UTC,183.0,1.3425423571528992,103.9646325037158,1.3400746324074073,103.96190842777779,Foot,,,true
8593613,644,Stop,,2016-05-27 00:27:04 UTC,2016-05-27 03:27:16 UTC,10812,,,1.340074632,103.9619084,Foot,,Education,TRUE
8593613-8593616,644,Travel,153,2016-05-27 03:27:16 UTC,2016-05-27 03:42:55 UTC,939.0,1.3400746324074073,103.96190842777779,1.3423359614015151,103.96442579030303,Foot,,,true
8593616,644,Stop,,2016-05-27 03:42:55 UTC,2016-05-27 04:50:36 UTC,4061,,,1.342335961,103.9644258,Foot,,Other Home,TRUE
8593616-8593620,644,Travel,154,2016-05-27 04:50:36 UTC,2016-05-27 04:59:39 UTC,543.0,1.3423359614015151,103.96442579030303,1.3401129,103.9628616,Foot,,,true
8593620,644,Stop,,2016-05-27 04:59:39 UTC,2016-05-27 05:50:43 UTC,3064,,,1.3401129,103.9628616,Foot,,Education,TRUE
8593620-8596229,644,Travel,155,2016-05-27 05:50:43 UTC,2016-05-27 06:00:09 UTC,566.0,1.3401129,103.9628616,1.3424804727272728,103.96436126590908,Foot,,,true
8596229,644,Stop,,2016-05-27 06:00:09 UTC,2016-05-27 08:18:47 UTC,8318,,,1.342480473,103.9643613,Foot,,Other Home,TRUE
8596229-8596230,644,Travel,156,2016-05-27 08:18:47 UTC,2016-05-27 08:31:22 UTC,755.0,1.3424804727272728,103.96436126590908,1.33960588,103.96096478,Foot,,,true
8596230,644,Stop,,2016-05-27 08:31:22 UTC,2016-05-27 08:32:28 UTC,66,,,1.33960588,103.9609648,Foot,,Change Mode/Transfer,TRUE
8596230-8596233,644,Travel,156,2016-05-27 08:32:28 UTC,2016-05-27 09:43:27 UTC,4259.0,1.33960588,103.96096478,1.2993353466666666,103.78770579666667,LRT/MRT,Car/Van,,true
8596233,644,Stop,,2016-05-27 09:43:27 UTC,2016-05-27 10:35:19 UTC,3112,,,1.299335347,103.7877058,LRT/MRT,Car/Van,Work-Related Business,TRUE
8596233-8598015,644,Travel,157,2016-05-27 10:35:19 UTC,2016-05-27 12:56:37 UTC,8478.0,1.2993353466666666,103.78770579666667,1.3424050637275768,103.96440573418968,LRT/MRT,,,true
8598015,644,Stop,,2016-05-27 12:56:37 UTC,2016-05-28 02:52:42 UTC,50165,,,1.342405064,103.9644057,LRT/MRT,,Other Home,TRUE
8598015-8598017,644,Travel,158,2016-05-28 02:52:42 UTC,2016-05-28 03:42:21 UTC,2979.0,1.3424050637275768,103.96440573418968,1.3459491503333334,103.94455693433333,Bus,,,true
8598017,644,Stop,,2016-05-28 03:42:21 UTC,2016-05-28 04:06:17 UTC,1436,,,1.34594915,103.9445569,Bus,,Meal/Eating Break,TRUE
8598017-8598739,644,Travel,159,2016-05-28 04:06:17 UTC,2016-05-28 04:19:11 UTC,774.0,1.3459491503333334,103.94455693433333,1.344931335818182,103.94023058022727,Foot,,,true
8598739,644,Stop,,2016-05-28 04:19:11 UTC,2016-05-28 04:30:46 UTC,695,,,1.344931336,103.9402306,Foot,,Change Mode/Transfer,TRUE
8598739-8598741,644,Travel,159,2016-05-28 04:30:46 UTC,2016-05-28 04:45:23 UTC,877.0,1.344931335818182,103.94023058022727,1.3419062590909088,103.96711437363638,Bus,Car/Van,,true
8598741,644,Stop,,2016-05-28 04:45:23 UTC,2016-05-28 04:46:47 UTC,84,,,1.341906259,103.9671144,Bus,Car/Van,Change Mode/Transfer,TRUE
8598741-8598742,644,Travel,159,2016-05-28 04:46:47 UTC,2016-05-28 04:55:21 UTC,514.0,1.3419062590909088,103.96711437363638,1.3424893156862747,103.96436155882355,Foot,,,true
8598742,644,Stop,,2016-05-28 04:55:21 UTC,2016-05-28 10:13:34 UTC,19093,,,1.342489316,103.9643616,Foot,,Other Home,TRUE
8598742-8598744,644,Travel,160,2016-05-28 10:13:34 UTC,2016-05-28 10:41:56 UTC,1702.0,1.3424893156862747,103.96436155882355,1.333068790909091,103.96028970909092,Foot,,,true
8598744,644,Stop,,2016-05-28 10:41:56 UTC,2016-05-28 11:11:57 UTC,1801,,,1.333068791,103.9602897,Foot,,Meal/Eating Break,TRUE
8598744-8599131,644,Travel,161,2016-05-28 11:11:57 UTC,2016-05-28 11:15:18 UTC,201.0,1.333068790909091,103.96028970909092,1.3349684499999999,103.9598121,Foot,,,true
8599131,644,Stop,,2016-05-28 11:15:18 UTC,2016-05-28 11:18:41 UTC,203,,,1.33496845,103.9598121,Foot,,Shopping,TRUE
8599131-8599133,644,Travel,162,2016-05-28 11:18:41 UTC,2016-05-28 11:42:33 UTC,1432.0,1.3349684499999999,103.9598121,1.3423709275005637,103.96461400904312,Foot,,,true
8599133,644,Stop,,2016-05-28 11:42:33 UTC,2016-05-29 02:04:45 UTC,51732,,,1.342370928,103.964614,Foot,,Other Home,TRUE
8599133-8605330,644,Travel,163,2016-05-29 02:04:45 UTC,2016-05-29 02:11:22 UTC,397.0,1.3423709275005637,103.96461400904312,1.3420995366666666,103.96693537666665,Foot,,,true
8605330,644,Stop,,2016-05-29 02:11:22 UTC,2016-05-29 02:12:42 UTC,80,,,1.342099537,103.9669354,Foot,,Change Mode/Transfer,TRUE
8605330-8605333,644,Travel,163,2016-05-29 02:12:42 UTC,2016-05-29 02:38:54 UTC,1572.0,1.3420995366666666,103.96693537666665,1.354427535,103.93142306857145,Bus,Car/Van,,true
8605333,644,Stop,,2016-05-29 02:38:54 UTC,2016-05-29 02:40:17 UTC,83,,,1.354427535,103.9314231,Bus,Car/Van,Change Mode/Transfer,TRUE
8605333-8605334,644,Travel,163,2016-05-29 02:40:17 UTC,2016-05-29 02:50:37 UTC,620.0,1.354427535,103.93142306857145,1.3501573608333333,103.93350916041666,Foot,,,true
8605334,644,Stop,,2016-05-29 02:50:37 UTC,2016-05-29 02:57:16 UTC,399,,,1.350157361,103.9335092,Foot,,Meal/Eating Break,TRUE
8605334-8605336,644,Travel,164,2016-05-29 02:57:16 UTC,2016-05-29 03:00:20 UTC,184.0,1.3501573608333333,103.93350916041666,1.3498841209123267,103.93469531779274,Foot,,,true
8605336,644,Stop,,2016-05-29 03:00:20 UTC,2016-05-29 05:24:51 UTC,8671,,,1.349884121,103.9346953,Foot,,Other,TRUE
8605336-8605343,644,Travel,165,2016-05-29 05:24:51 UTC,2016-05-29 05:42:21 UTC,1050.0,1.3498841209123267,103.93469531779274,1.3547119488034187,103.94479994771368,Bus,Car/Van,,true
8605343,644,Stop,,2016-05-29 05:42:21 UTC,2016-05-29 06:39:22 UTC,3421,,,1.354711949,103.9447999,Bus,Car/Van,Meal/Eating Break,TRUE
8605343-8605347,644,Travel,166,2016-05-29 06:39:22 UTC,2016-05-29 06:58:15 UTC,1133.0,1.3547119488034187,103.94479994771368,1.3951241496428572,103.90551834607145,Bus,Car/Van,,true
8605347,644,Stop,,2016-05-29 06:58:15 UTC,2016-05-29 07:10:52 UTC,757,,,1.39512415,103.9055183,Bus,Car/Van,Change Mode/Transfer,TRUE
8605347-8605350,644,Travel,166,2016-05-29 07:10:52 UTC,2016-05-29 07:22:31 UTC,699.0,1.3951241496428572,103.90551834607145,1.396390921875,103.914936208125,Bus,Car/Van,,true
8605350,644,Stop,,2016-05-29 07:22:31 UTC,2016-05-29 07:24:27 UTC,116,,,1.396390922,103.9149362,Bus,Car/Van,Change Mode/Transfer,TRUE
8605350-8605351,644,Travel,166,2016-05-29 07:24:27 UTC,2016-05-29 07:27:27 UTC,180.0,1.396390921875,103.914936208125,1.3980767,103.91584820000003,Foot,,,true
8605351,644,Stop,,2016-05-29 07:27:27 UTC,2016-05-29 10:12:30 UTC,9903,,,1.3980767,103.9158482,Foot,,Home,TRUE
8605351-8605352,644,Travel,167,2016-05-29 10:12:30 UTC,2016-05-29 15:34:47 UTC,19337.0,1.3980767,103.91584820000003,1.342478050285715,103.96434057714285,Bus,,,true
8605352,644,Stop,,2016-05-29 15:34:47 UTC,2016-05-30 01:02:12 UTC,34045,,,1.34247805,103.9643406,Bus,,Other Home,TRUE
8605352-8605353,644,Travel,168,2016-05-30 01:02:12 UTC,2016-05-30 01:04:14 UTC,122.0,1.342478050285715,103.96434057714285,1.3414460839285713,103.96352310714286,Foot,,,true
8605353,644,Stop,,2016-05-30 01:04:14 UTC,2016-05-30 01:56:31 UTC,3137,,,1.341446084,103.9635231,Foot,,Other Home,TRUE
8605353-8609736,644,Travel,169,2016-05-30 01:56:31 UTC,2016-05-30 02:06:58 UTC,627.0,1.3414460839285713,103.96352310714286,1.3415215199479165,103.96343052760417,Foot,,,true
8609736,644,Stop,,2016-05-30 02:06:58 UTC,2016-05-30 07:25:14 UTC,19096,,,1.34152152,103.9634305,Foot,,Other Home,TRUE
8609736-8610160,644,Travel,170,2016-05-30 07:25:14 UTC,2016-05-30 07:27:00 UTC,106.0,1.3415215199479165,103.96343052760417,1.3401129,103.9628616,Foot,,,true
8610160,644,Stop,,2016-05-30 07:27:00 UTC,2016-05-31 11:22:39 UTC,100539,,,1.3401129,103.9628616,Foot,,Education,TRUE
8610160-8610600,644,Travel,171,2016-05-31 11:22:39 UTC,2016-05-31 11:26:03 UTC,204.0,1.3401129,103.9628616,1.342473201298701,103.96436173896105,Foot,,,true
8610600,644,Stop,,2016-05-31 11:26:03 UTC,2016-05-31 15:26:10 UTC,14407,,,1.342473201,103.9643617,Foot,,Other Home,TRUE
8610600-8611510,644,Travel,172,2016-05-31 15:26:10 UTC,2016-05-31 15:33:45 UTC,455.0,1.342473201298701,103.96436173896105,1.3396877033333334,103.96112286333333,Foot,,,true
8611510,644,Stop,,2016-05-31 15:33:45 UTC,2016-05-31 15:35:10 UTC,85,,,1.339687703,103.9611229,Foot,,To Accompany Someone,TRUE
8611510-8611511,644,Travel,173,2016-05-31 15:35:10 UTC,2016-05-31 15:41:05 UTC,355.0,1.3396877033333334,103.96112286333333,1.3424270913200083,103.96438282632747,Foot,,,true
8611511,644,Stop,,2016-05-31 15:41:05 UTC,2016-06-01 00:31:38 UTC,31833,,,1.342427091,103.9643828,Foot,,Other Home,TRUE
8611511-8613435,644,Travel,174,2016-06-01 00:31:38 UTC,2016-06-01 01:31:57 UTC,3619.0,1.3424270913200083,103.96438282632747,1.3401129,103.9628616,Foot,,,true
8613435,644,Stop,,2016-06-01 01:31:57 UTC,2016-06-01 10:19:28 UTC,31651,,,1.3401129,103.9628616,Foot,,Education,TRUE
8613435-8613446,644,Travel,175,2016-06-01 10:19:28 UTC,2016-06-01 10:29:47 UTC,619.0,1.3401129,103.9628616,1.3345332158333334,103.96255277166668,Foot,,,true
8613446,644,Stop,,2016-06-01 10:29:47 UTC,2016-06-01 11:08:51 UTC,2344,,,1.334533216,103.9625528,Foot,,Meal/Eating Break,TRUE
8613446-8613972,644,Travel,176,2016-06-01 11:08:51 UTC,2016-06-01 11:25:54 UTC,1023.0,1.3345332158333334,103.96255277166668,1.3406102259698822,103.96285625140541,Foot,,,true
8613972,644,Stop,,2016-06-01 11:25:54 UTC,2016-06-02 08:48:41 UTC,76967,,,1.340610226,103.9628563,Foot,,Other Home,TRUE
8613972-8616226,644,Travel,177,2016-06-02 08:48:41 UTC,2016-06-02 09:09:31 UTC,1250.0,1.3406102259698822,103.96285625140541,1.3426124385416667,103.96514243749999,Foot,,,false
8616226,644,Stop,,2016-06-02 09:09:31 UTC,2016-06-02 10:00:34 UTC,3063,,,1.342612439,103.9651424,Foot,,Other Home,FALSE
8616226-8617395,644,Travel,178,2016-06-02 10:00:34 UTC,2016-06-02 10:09:34 UTC,540.0,1.3426124385416667,103.96514243749999,1.33958617,103.96081334,Foot,,,false
8617395,644,Stop,,2016-06-02 10:09:34 UTC,2016-06-02 10:11:17 UTC,103,,,1.33958617,103.9608133,Foot,,Change Mode/Transfer,FALSE
8617395-8617396,644,Travel,178,2016-06-02 10:11:17 UTC,2016-06-02 10:59:32 UTC,2895.0,1.33958617,103.96081334,1.2898246,103.8162643,Car/Van,,,false
8617396,644,Stop,,2016-06-02 10:59:32 UTC,2016-06-02 11:00:35 UTC,63,,,1.2898246,103.8162643,Car/Van,,Change Mode/Transfer,FALSE
8617396-8617397,644,Travel,178,2016-06-02 11:00:35 UTC,2016-06-02 11:11:26 UTC,651.0,1.2898246,103.8162643,1.3066820474999998,103.78870167,Foot,,,false
8617397,644,Stop,,2016-06-02 11:11:26 UTC,2016-06-02 11:36:36 UTC,1510,,,1.306682047,103.7887017,Foot,,--,FALSE
8617397-8620427,644,Travel,179,2016-06-02 11:36:36 UTC,2016-06-02 14:56:21 UTC,11985.0,1.3066820474999998,103.78870167,1.342524316964286,103.96458946247023,Default,,,false
8620427,644,Stop,,2016-06-02 14:56:21 UTC,2016-06-03 00:45:12 UTC,35331,,,1.342524317,103.9645895,Default,,Other Home,FALSE
8620427-8620434,644,Travel,180,2016-06-03 00:45:12 UTC,2016-06-03 00:47:57 UTC,165.0,1.342524316964286,103.96458946247023,1.34156545,103.963483,Foot,,,false
8620434,644,Stop,,2016-06-03 00:47:57 UTC,2016-06-03 00:50:44 UTC,167,,,1.34156545,103.963483,Foot,,Other Home,FALSE
8620434-8620435,644,Travel,181,2016-06-03 00:50:44 UTC,2016-06-03 00:58:00 UTC,436.0,1.34156545,103.963483,1.3400958684210527,103.9609160894737,Foot,,,false
8620435,644,Stop,,2016-06-03 00:58:00 UTC,2016-06-03 01:53:45 UTC,3345,,,1.340095868,103.9609161,Foot,,To Accompany Someone,FALSE
8620435-8620436,644,Travel,182,2016-06-03 01:53:45 UTC,2016-06-03 01:56:45 UTC,180.0,1.3400958684210527,103.9609160894737,1.3389975,103.96208275000001,Foot,,,false
8620436,644,Stop,,2016-06-03 01:56:45 UTC,2016-06-03 01:59:47 UTC,182,,,1.3389975,103.9620828,Foot,,Education,FALSE
8620436-8620437,644,Travel,183,2016-06-03 01:59:47 UTC,2016-06-03 02:02:43 UTC,176.0,1.3389975,103.96208275000001,1.3399867333333333,103.96091873333332,Foot,,,false
8620437,644,Stop,,2016-06-03 02:02:43 UTC,2016-06-03 02:47:47 UTC,2704,,,1.339986733,103.9609187,Foot,,To Accompany Someone,FALSE
8620437-8620438,644,Travel,184,2016-06-03 02:47:47 UTC,2016-06-03 02:53:45 UTC,358.0,1.3399867333333333,103.96091873333332,1.3424767393012154,103.96434875476562,Foot,,,false
8620438,644,Stop,,2016-06-03 02:53:45 UTC,2016-06-03 05:32:00 UTC,9495,,,1.342476739,103.9643488,Foot,,Other Home,FALSE
8620438-8621291,644,Travel,185,2016-06-03 05:32:00 UTC,2016-06-03 05:38:06 UTC,366.0,1.3424767393012154,103.96434875476562,1.34100745,103.96181764821428,Foot,,,false
8621291,644,Stop,,2016-06-03 05:38:06 UTC,2016-06-03 06:08:07 UTC,1801,,,1.34100745,103.9618176,Foot,,Change Mode/Transfer,FALSE
8621291-8621293,644,Travel,185,2016-06-03 06:08:07 UTC,2016-06-03 06:26:52 UTC,1125.0,1.34100745,103.96181764821428,1.3425402040816328,103.96474701938773,Foot,,,false
8621293,644,Stop,,2016-06-03 06:26:52 UTC,2016-06-03 09:08:07 UTC,9675,,,1.342540204,103.964747,Foot,,Other Home,FALSE
7810555-7811249,645,Travel,186,2016-02-17 05:35:48 UTC,2016-02-17 05:38:03 UTC,135.0,1.3398916935556855,103.96104332004343,1.3409991443040767,103.96294568799945,Foot,,,true
7811249,645,Stop,,2016-02-17 05:38:03 UTC,2016-02-17 06:14:45 UTC,2202,,,1.340999144,103.9629457,Foot,,Home,TRUE
7811249-7811251,645,Travel,187,2016-02-17 06:14:45 UTC,2016-02-17 06:16:07 UTC,82.0,1.3409991443040767,103.96294568799945,1.3414308886486177,103.96445074767553,Foot,,,true
7811251,645,Stop,,2016-02-17 06:16:07 UTC,2016-02-17 06:41:16 UTC,1509,,,1.341430889,103.9644507,Foot,,Home,TRUE
7811251-7811944,645,Travel,188,2016-02-17 06:41:16 UTC,2016-02-17 06:48:10 UTC,414.0,1.3414308886486177,103.96445074767553,1.3408743945923804,103.96127542636133,Foot,,,true
7811944,645,Stop,,2016-02-17 06:48:10 UTC,2016-02-17 07:14:01 UTC,1551,,,1.340874395,103.9612754,Foot,,Education,TRUE
7811944-7812001,645,Travel,189,2016-02-17 07:14:01 UTC,2016-02-17 07:17:28 UTC,207.0,1.3408743945923804,103.96127542636133,1.3415220828265533,103.9638441809604,Foot,,,true
7812001,645,Stop,,2016-02-17 07:17:28 UTC,2016-02-17 08:34:01 UTC,4593,,,1.341522083,103.9638442,Foot,,Home,TRUE
7812001-7812352,645,Travel,190,2016-02-17 08:34:01 UTC,2016-02-17 08:35:24 UTC,83.0,1.3415220828265533,103.9638441809604,1.3406882412262848,103.96179443629362,Foot,,,true
7812352,645,Stop,,2016-02-17 08:35:24 UTC,2016-02-17 09:06:06 UTC,1842,,,1.340688241,103.9617944,Foot,,Meal/Eating Break,TRUE
7812352-7812383,645,Travel,191,2016-02-17 09:06:06 UTC,2016-02-17 09:08:09 UTC,123.0,1.3406882412262848,103.96179443629362,1.3416803117153826,103.96441310863597,Foot,,,true
7812383,645,Stop,,2016-02-17 09:08:09 UTC,2016-02-17 09:37:46 UTC,1777,,,1.341680312,103.9644131,Foot,,Home,TRUE
7812383-7812429,645,Travel,192,2016-02-17 09:37:46 UTC,2016-02-17 09:53:42 UTC,956.0,1.3416803117153826,103.96441310863597,1.3342509291780278,103.96257507223866,Foot,,,true
7812429,645,Stop,,2016-02-17 09:53:42 UTC,2016-02-17 11:02:34 UTC,4132,,,1.334250929,103.9625751,Foot,,Meal/Eating Break,TRUE
7812429-7819716,645,Travel,193,2016-02-17 11:02:34 UTC,2016-02-17 11:10:51 UTC,497.0,1.3342509291780278,103.96257507223866,1.3382867642194307,103.96451227346998,Foot,,,true
7819716,645,Stop,,2016-02-17 11:10:51 UTC,2016-02-17 11:12:13 UTC,82,,,1.338286764,103.9645123,Foot,,--,FALSE
7819716-7819717,645,Travel,194,2016-02-17 11:12:13 UTC,2016-02-17 11:13:36 UTC,83.0,1.3382867642194307,103.96451227346998,1.3404134908772858,103.96451434122986,Foot,,,true
7819717,645,Stop,,2016-02-17 11:13:36 UTC,2016-02-17 11:19:49 UTC,373,,,1.340413491,103.9645143,Foot,,Education,TRUE
7819717-7819719,645,Travel,195,2016-02-17 11:19:49 UTC,2016-02-17 11:21:11 UTC,82.0,1.3404134908772858,103.96451434122986,1.3419664474357214,103.96421108730101,Foot,,,true
7819719,645,Stop,,2016-02-17 11:21:11 UTC,2016-02-17 11:43:27 UTC,1336,,,1.341966447,103.9642111,Foot,,Home,TRUE
7819905-7827289,645,Travel,196,2016-02-18 17:14:54 UTC,2016-02-19 06:57:33 UTC,49359.0,1.3419757598631494,103.96427105917167,1.2920204167562628,103.77413990661535,Car/Van,,,true
7827289,645,Stop,,2016-02-19 06:57:33 UTC,2016-02-19 07:57:31 UTC,3598,,,1.292020417,103.7741399,Car/Van,,Personal Errand/Task,TRUE
7827289-7829296,645,Travel,197,2016-02-19 07:57:31 UTC,2016-02-19 08:10:06 UTC,755.0,1.2920204167562628,103.77413990661535,1.2787699920583373,103.82342055343257,Car/Van,,,true
7829296,645,Stop,,2016-02-19 08:10:06 UTC,2016-02-19 08:15:46 UTC,340,,,1.278769992,103.8234206,Car/Van,,--,FALSE
7829296-7829298,645,Travel,198,2016-02-19 08:15:46 UTC,2016-02-19 08:40:35 UTC,1489.0,1.2787699920583373,103.82342055343257,1.3417913743738843,103.96415799902344,Car/Van,,,true
7829298,645,Stop,,2016-02-19 08:40:35 UTC,2016-02-19 08:51:37 UTC,662,,,1.341791374,103.964158,Car/Van,,Home,TRUE
7829298-7829299,645,Travel,199,2016-02-19 08:51:37 UTC,2016-02-19 09:43:05 UTC,3088.0,1.3417913743738843,103.96415799902344,1.3532291320706678,103.94515102856639,Foot,Default,,false
7829299,645,Stop,,2016-02-19 09:43:05 UTC,2016-02-19 13:25:50 UTC,13365,,,1.353229132,103.945151,Foot,Default,Shopping,TRUE
7829299-7836397,645,Travel,200,2016-02-19 13:25:50 UTC,2016-02-19 13:41:33 UTC,943.0,1.3532291320706678,103.94515102856639,1.3358943816935753,103.96115052577309,LRT/MRT,Car/Van,,true
7836397,645,Stop,,2016-02-19 13:41:33 UTC,2016-02-19 13:43:55 UTC,142,,,1.335894382,103.9611505,LRT/MRT,Car/Van,Change Mode/Transfer,TRUE
7836397-7836400,645,Travel,200,2016-02-19 13:43:55 UTC,2016-02-19 13:55:07 UTC,672.0,1.3358943816935753,103.96115052577309,1.3416342621599056,103.96394680225455,Foot,,,true
7836400,645,Stop,,2016-02-19 13:55:07 UTC,2016-02-20 10:50:00 UTC,75293,,,1.341634262,103.9639468,Foot,,Home,TRUE
7836400-7836704,645,Travel,201,2016-02-20 10:50:00 UTC,2016-02-20 10:52:04 UTC,124.0,1.3416342621599056,103.96394680225455,1.341818691281051,103.96172609146015,Foot,,,true
7836704,645,Stop,,2016-02-20 10:52:04 UTC,2016-02-20 11:27:55 UTC,2151,,,1.341818691,103.9617261,Foot,,Education,TRUE
7836704-7837012,645,Travel,202,2016-02-20 11:27:55 UTC,2016-02-20 11:47:12 UTC,1157.0,1.341818691281051,103.96172609146015,1.3378750697137785,103.96391580790925,Foot,Default,,true
7837012,645,Stop,,2016-02-20 11:47:12 UTC,2016-02-20 11:51:20 UTC,248,,,1.33787507,103.9639158,Foot,Default,Change Mode/Transfer,FALSE
7837012-7837014,645,Travel,202,2016-02-20 11:51:20 UTC,2016-02-20 11:52:02 UTC,42.0,1.3378750697137785,103.96391580790925,1.335341903195923,103.96333090420566,Foot,Car/Van,,true
7837014,645,Stop,,2016-02-20 11:52:02 UTC,2016-02-20 12:11:20 UTC,1158,,,1.335341903,103.9633309,Foot,Car/Van,Meal/Eating Break,TRUE
7837014-7851626,645,Travel,203,2016-02-20 12:11:20 UTC,2016-02-20 12:22:22 UTC,662.0,1.335341903195923,103.96333090420566,1.342084639695579,103.96433730084624,Foot,,,true
7851626,645,Stop,,2016-02-20 12:22:22 UTC,2016-02-22 01:00:33 UTC,131891,,,1.34208464,103.9643373,Foot,,Home,TRUE
7851626-7852004,645,Travel,204,2016-02-22 01:00:33 UTC,2016-02-22 01:02:37 UTC,124.0,1.342084639695579,103.96433730084624,1.3409202286385895,103.96311519788014,Foot,,,true
7852004,645,Stop,,2016-02-22 01:02:37 UTC,2016-02-22 03:05:21 UTC,7364,,,1.340920229,103.9631152,Foot,,Education,TRUE
7852004-7854205,645,Travel,205,2016-02-22 03:05:21 UTC,2016-02-22 03:08:48 UTC,207.0,1.3409202286385895,103.96311519788014,1.3421531938692954,103.96412187552187,Foot,,,true
7854205,645,Stop,,2016-02-22 03:08:48 UTC,2016-02-22 08:24:16 UTC,18928,,,1.342153194,103.9641219,Foot,,Home,TRUE
7854205-7854715,645,Travel,206,2016-02-22 08:24:16 UTC,2016-02-22 08:26:24 UTC,128.0,1.3421531938692954,103.96412187552187,1.3405716529905018,103.96255790687863,Foot,,,true
7854715,645,Stop,,2016-02-22 08:26:24 UTC,2016-02-22 10:18:04 UTC,6700,,,1.340571653,103.9625579,Foot,,Education,TRUE
7854715-7856161,645,Travel,207,2016-02-22 10:18:04 UTC,2016-02-22 10:21:31 UTC,207.0,1.3405716529905018,103.96255790687863,1.3391394907266032,103.96177533785487,Foot,,,true
7856161,645,Stop,,2016-02-22 10:21:31 UTC,2016-02-22 10:25:39 UTC,248,,,1.339139491,103.9617753,Foot,,--,FALSE
7856161-7856163,645,Travel,208,2016-02-22 10:25:39 UTC,2016-02-22 10:27:44 UTC,125.0,1.3391394907266032,103.96177533785487,1.3359142029047586,103.96076148319648,Foot,,,true
7856163,645,Stop,,2016-02-22 10:27:44 UTC,2016-02-22 10:29:06 UTC,82,,,1.335914203,103.9607615,Foot,,--,FALSE
7856163-7856164,645,Travel,209,2016-02-22 10:29:06 UTC,2016-02-22 10:31:11 UTC,125.0,1.3359142029047586,103.96076148319648,1.335015837493657,103.96217198407103,Foot,,,true
7856164,645,Stop,,2016-02-22 10:31:11 UTC,2016-02-22 11:20:06 UTC,2935,,,1.335015837,103.962172,Foot,,Meal/Eating Break,TRUE
7856164-7864434,645,Travel,210,2016-02-22 11:20:06 UTC,2016-02-22 11:22:10 UTC,124.0,1.335015837493657,103.96217198407103,1.3367549505297782,103.96353334640891,Foot,,,true
7864434,645,Stop,,2016-02-22 11:22:10 UTC,2016-02-22 11:23:33 UTC,83,,,1.336754951,103.9635333,Foot,,--,FALSE
7864434-7864435,645,Travel,211,2016-02-22 11:23:33 UTC,2016-02-22 11:24:14 UTC,41.0,1.3367549505297782,103.96353334640891,1.3386501872157905,103.96435194973637,Foot,,,true
7864435,645,Stop,,2016-02-22 11:24:14 UTC,2016-02-22 11:28:15 UTC,241,,,1.338650187,103.9643519,Foot,,--,FALSE
7864435-7864437,645,Travel,212,2016-02-22 11:28:15 UTC,2016-02-22 11:33:54 UTC,339.0,1.3386501872157905,103.96435194973637,1.3419279559598043,103.9642417255854,Foot,,,true
7864437,645,Stop,,2016-02-22 11:33:54 UTC,2016-02-24 00:37:21 UTC,133407,,,1.341927956,103.9642417,Foot,,Home,TRUE
7864437-7873837,645,Travel,213,2016-02-24 00:37:21 UTC,2016-02-24 00:40:47 UTC,206.0,1.3419279559598043,103.9642417255854,1.340524955080146,103.96283631281662,Foot,,,true
7873837,645,Stop,,2016-02-24 00:40:47 UTC,2016-02-24 01:06:26 UTC,1539,,,1.340524955,103.9628363,Foot,,Education,TRUE
7873837-7874228,645,Travel,214,2016-02-24 01:06:26 UTC,2016-02-24 13:53:37 UTC,46031.0,1.340524955080146,103.96283631281662,1.3349255142284688,103.96215141532811,Default,,,false
7874228,645,Stop,,2016-02-24 13:53:37 UTC,2016-02-24 13:58:29 UTC,292,,,1.334925514,103.9621514,Default,,Personal Errand/Task,TRUE
7874228-7874229,645,Travel,215,2016-02-24 13:58:29 UTC,2016-02-24 14:07:23 UTC,534.0,1.3349255142284688,103.96215141532811,1.3565803333365,103.98707524616388,Car/Van,,,true
7874229,645,Stop,,2016-02-24 14:07:23 UTC,2016-02-24 14:12:12 UTC,289,,,1.356580333,103.9870752,Car/Van,,Personal Errand/Task,TRUE
7874229-7874230,645,Travel,216,2016-02-24 14:12:12 UTC,2016-02-24 14:14:58 UTC,166.0,1.3565803333365,103.98707524616388,1.3547131717652237,103.98673906427567,Foot,,,true
7874230,645,Stop,,2016-02-24 14:14:58 UTC,2016-02-24 14:43:51 UTC,1733,,,1.354713172,103.9867391,Foot,,Personal Errand/Task,TRUE
7874230-7878817,645,Travel,217,2016-02-24 14:43:51 UTC,2016-02-24 15:05:14 UTC,1283.0,1.3547131717652237,103.98673906427567,1.2814321121556427,103.84029412904351,Car/Van,,,true
7878817,645,Stop,,2016-02-24 15:05:14 UTC,2016-02-24 16:31:38 UTC,5184,,,1.281432112,103.8402941,Car/Van,,Home,TRUE
7878817-7879008,645,Travel,218,2016-02-24 16:31:38 UTC,2016-02-25 03:19:09 UTC,38851.0,1.2814321121556427,103.84029412904351,1.280117771243166,103.84004150851894,Default,,,false
7879008,645,Stop,,2016-02-25 03:19:09 UTC,2016-02-25 05:49:21 UTC,9012,,,1.280117771,103.8400415,Default,,Home,TRUE
7879008-7879865,645,Travel,219,2016-02-25 05:49:21 UTC,2016-02-25 05:57:39 UTC,498.0,1.280117771243166,103.84004150851894,1.2650780648284101,103.82155134569861,Car/Van,,,true
7879865,645,Stop,,2016-02-25 05:57:39 UTC,2016-02-25 08:03:28 UTC,7549,,,1.265078065,103.8215513,Car/Van,,Meal/Eating Break,TRUE
7879865-7881221,645,Travel,220,2016-02-25 08:03:28 UTC,2016-02-25 08:16:33 UTC,785.0,1.2650780648284101,103.82155134569861,1.2796432182964392,103.83948923621722,LRT/MRT,Bus,,true
7881221,645,Stop,,2016-02-25 08:16:33 UTC,2016-02-25 08:18:37 UTC,124,,,1.279643218,103.8394892,LRT/MRT,Bus,Change Mode/Transfer,TRUE
7881221-7881222,645,Travel,220,2016-02-25 08:18:37 UTC,2016-02-25 08:20:05 UTC,88.0,1.2796432182964392,103.83948923621722,1.2807707549022644,103.84054643557621,Foot,,,true
7881222,645,Stop,,2016-02-25 08:20:05 UTC,2016-02-25 08:21:22 UTC,77,,,1.280770755,103.8405464,Foot,,Home,TRUE
7881222-7881223,645,Travel,221,2016-02-25 08:21:22 UTC,2016-02-25 08:53:06 UTC,1904.0,1.2807707549022644,103.84054643557621,1.2802282541634626,103.84018948025022,Default,,,false
7881223,645,Stop,,2016-02-25 08:53:06 UTC,2016-02-25 10:35:45 UTC,6159,,,1.280228254,103.8401895,Default,,--,FALSE
7881223-7882558,645,Travel,222,2016-02-25 10:35:45 UTC,2016-02-25 11:10:30 UTC,2085.0,1.2802282541634626,103.84018948025022,1.3275500748483966,103.9465559332404,LRT/MRT,,,true
7882558,645,Stop,,2016-02-25 11:10:30 UTC,2016-02-25 11:13:41 UTC,191,,,1.327550075,103.9465559,LRT/MRT,,Education,TRUE
7882558-7882559,645,Travel,223,2016-02-25 11:13:41 UTC,2016-02-25 11:18:13 UTC,272.0,1.3275500748483966,103.9465559332404,1.3345854107391046,103.96248637869996,LRT/MRT,Car/Van,,true
7882559,645,Stop,,2016-02-25 11:18:13 UTC,2016-02-25 11:22:18 UTC,245,,,1.334585411,103.9624864,LRT/MRT,Car/Van,Change Mode/Transfer,TRUE
7882559-7882561,645,Travel,223,2016-02-25 11:22:18 UTC,2016-02-25 11:25:04 UTC,166.0,1.3345854107391046,103.96248637869996,1.335277064597536,103.96462566809981,Foot,,,true
7882561,645,Stop,,2016-02-25 11:25:04 UTC,2016-02-25 11:43:20 UTC,1096,,,1.335277065,103.9646257,Foot,,--,FALSE
7882561-7884150,645,Travel,224,2016-02-25 11:43:20 UTC,2016-02-25 11:53:00 UTC,580.0,1.335277064597536,103.96462566809981,1.3419818761074076,103.96428485285125,Foot,,,true
7884150,645,Stop,,2016-02-25 11:53:00 UTC,2016-02-25 19:45:43 UTC,28363,,,1.341981876,103.9642849,Foot,,Home,TRUE
7884150-7891032,645,Travel,225,2016-02-25 19:45:43 UTC,2016-02-26 02:21:44 UTC,23761.0,1.3419818761074076,103.96428485285125,1.340219558558375,103.96155650646412,Default,,,false
7891032,645,Stop,,2016-02-26 02:21:44 UTC,2016-02-26 02:43:56 UTC,1332,,,1.340219559,103.9615565,Default,,Home,TRUE
7891032-7891463,645,Travel,226,2016-02-26 02:43:56 UTC,2016-02-26 02:45:58 UTC,122.0,1.340219558558375,103.96155650646412,1.34179717531656,103.96383234966304,Foot,,,true
7891463,645,Stop,,2016-02-26 02:45:58 UTC,2016-02-26 05:49:02 UTC,10984,,,1.341797175,103.9638323,Foot,,Home,TRUE
7891463-7893031,645,Travel,227,2016-02-26 05:49:02 UTC,2016-02-26 05:51:47 UTC,165.0,1.34179717531656,103.96383234966304,1.3403132190442264,103.96271121287202,Foot,,,true
7893031,645,Stop,,2016-02-26 05:51:47 UTC,2016-02-26 07:08:38 UTC,4611,,,1.340313219,103.9627112,Foot,,Home,TRUE
7893031-7893755,645,Travel,228,2016-02-26 07:08:38 UTC,2016-02-26 07:11:23 UTC,165.0,1.3403132190442264,103.96271121287202,1.3417506453263632,103.96455376775475,Foot,,,true
7893755,645,Stop,,2016-02-26 07:11:23 UTC,2016-02-26 08:14:29 UTC,3786,,,1.341750645,103.9645538,Foot,,Home,TRUE
7893755-7894147,645,Travel,229,2016-02-26 08:14:29 UTC,2016-02-26 08:46:51 UTC,1942.0,1.3417506453263632,103.96455376775475,1.2754268644463043,103.79467862058762,Car/Van,,,true
7894147,645,Stop,,2016-02-26 08:46:51 UTC,2016-02-26 08:47:52 UTC,61,,,1.275426864,103.7946786,Car/Van,,Change Mode/Transfer,TRUE
7894147-7894148,645,Travel,229,2016-02-26 08:47:52 UTC,2016-02-26 08:48:32 UTC,40.0,1.2754268644463043,103.79467862058762,1.2748005173167751,103.79665090821803,Foot,Car/Van,,true
7894148,645,Stop,,2016-02-26 08:48:32 UTC,2016-02-26 09:34:18 UTC,2746,,,1.274800517,103.7966509,Foot,Car/Van,Personal Errand/Task,TRUE
7894148-7894679,645,Travel,230,2016-02-26 09:34:18 UTC,2016-02-26 09:41:12 UTC,414.0,1.2748005173167751,103.79665090821803,1.2727967266262823,103.80221661567678,Foot,,,true
7894679,645,Stop,,2016-02-26 09:41:12 UTC,2016-02-26 09:48:26 UTC,434,,,1.272796727,103.8022166,Foot,,Change Mode/Transfer,TRUE
7894679-7894682,645,Travel,230,2016-02-26 09:48:26 UTC,2016-02-26 09:58:47 UTC,621.0,1.2727967266262823,103.80221661567678,1.2651632860047721,103.82183908689231,LRT/MRT,Car/Van,,true
7894682,645,Stop,,2016-02-26 09:58:47 UTC,2016-02-26 10:29:28 UTC,1841,,,1.265163286,103.8218391,LRT/MRT,Car/Van,Meal/Eating Break,TRUE
7894682-7894776,645,Travel,231,2016-02-26 10:29:28 UTC,2016-02-26 10:32:55 UTC,207.0,1.2651632860047721,103.82183908689231,1.2634914140878155,103.82309728039358,Foot,,,true
7894776,645,Stop,,2016-02-26 10:32:55 UTC,2016-02-26 12:00:50 UTC,5275,,,1.263491414,103.8230973,Foot,,Meal/Eating Break,TRUE
7894776-7895262,645,Travel,232,2016-02-26 12:00:50 UTC,2016-02-26 12:02:54 UTC,124.0,1.2634914140878155,103.82309728039358,1.2651624782375044,103.82232455258483,Foot,,,true
7895262,645,Stop,,2016-02-26 12:02:54 UTC,2016-02-26 12:07:01 UTC,247,,,1.265162478,103.8223246,Foot,,Change Mode/Transfer,TRUE
7895262-7895264,645,Travel,232,2016-02-26 12:07:01 UTC,2016-02-26 12:10:29 UTC,208.0,1.2651624782375044,103.82232455258483,1.2556477026884836,103.8208141179002,LRT/MRT,Car/Van,,true
7895264,645,Stop,,2016-02-26 12:10:29 UTC,2016-02-26 12:11:31 UTC,62,,,1.255647703,103.8208141,LRT/MRT,Car/Van,Change Mode/Transfer,TRUE
7895264-7895265,645,Travel,232,2016-02-26 12:11:31 UTC,2016-02-26 12:12:54 UTC,83.0,1.2556477026884836,103.8208141179002,1.2513188183500255,103.81783173404023,LRT/MRT,,,true
7895265,645,Stop,,2016-02-26 12:12:54 UTC,2016-02-26 12:37:43 UTC,1489,,,1.251318818,103.8178317,LRT/MRT,,Entertainment,TRUE
7895265-7895624,645,Travel,233,2016-02-26 12:37:43 UTC,2016-02-26 12:44:38 UTC,415.0,1.2513188183500255,103.81783173404023,1.2648132718496414,103.82216551016205,Foot,Car/Van,,true
7895624,645,Stop,,2016-02-26 12:44:38 UTC,2016-02-26 13:11:55 UTC,1637,,,1.264813272,103.8221655,Foot,Car/Van,Change Mode/Transfer,TRUE
7895624-7902255,645,Travel,233,2016-02-26 13:11:55 UTC,2016-02-26 13:27:23 UTC,928.0,1.2648132718496414,103.82216551016205,1.2803195425217804,103.8402810037457,LRT/MRT,Bus,,true
7902255,645,Stop,,2016-02-26 13:27:23 UTC,2016-02-27 05:08:28 UTC,56465,,,1.280319543,103.840281,LRT/MRT,Bus,Home,TRUE
7902255-7903336,645,Travel,234,2016-02-27 05:08:28 UTC,2016-02-27 05:10:33 UTC,125.0,1.2803195425217804,103.8402810037457,1.282218246672802,103.84196268603459,Foot,,,true
7903336,645,Stop,,2016-02-27 05:10:33 UTC,2016-02-27 05:57:47 UTC,2834,,,1.282218247,103.8419627,Foot,,Meal/Eating Break,TRUE
7903336-7913449,645,Travel,235,2016-02-27 05:57:47 UTC,2016-02-27 05:59:51 UTC,124.0,1.282218246672802,103.84196268603459,1.2800094504671073,103.83998211231986,Foot,,,true
7913449,645,Stop,,2016-02-27 05:59:51 UTC,2016-02-27 08:21:08 UTC,8477,,,1.28000945,103.8399821,Foot,,Home,TRUE
7913449-7913496,645,Travel,236,2016-02-27 08:21:08 UTC,2016-02-27 10:08:13 UTC,6425.0,1.2800094504671073,103.83998211231986,1.3043311126360473,103.83168186909023,LRT/MRT,,,true
7913496,645,Stop,,2016-02-27 10:08:13 UTC,2016-02-27 12:30:46 UTC,8553,,,1.304331113,103.8316819,LRT/MRT,,Shopping,TRUE
7913585-7913587,645,Travel,237,2016-02-28 04:39:30 UTC,2016-02-28 04:42:58 UTC,208.0,1.2796415116326818,103.83957577440465,1.282660012792899,103.84233852964513,Foot,,,true
7913587,645,Stop,,2016-02-28 04:42:58 UTC,2016-02-28 05:57:45 UTC,4487,,,1.282660013,103.8423385,Foot,,Meal/Eating Break,TRUE
7913587-7913663,645,Travel,238,2016-02-28 05:57:45 UTC,2016-02-28 06:01:12 UTC,207.0,1.282660012792899,103.84233852964513,1.2800309310448106,103.83973099943648,Foot,,,true
7913663,645,Stop,,2016-02-28 06:01:12 UTC,2016-02-28 06:02:24 UTC,72,,,1.280030931,103.839731,Foot,,Home,TRUE
7913663-7913664,645,Travel,239,2016-02-28 06:02:24 UTC,2016-02-28 06:28:09 UTC,1545.0,1.2800309310448106,103.83973099943648,1.341332346859681,103.96408329111787,Car/Van,,,true
7913664,645,Stop,,2016-02-28 06:28:09 UTC,2016-02-28 08:47:14 UTC,8345,,,1.341332347,103.9640833,Car/Van,,Education,TRUE
7913664-7915282,645,Travel,240,2016-02-28 08:47:14 UTC,2016-02-28 08:55:31 UTC,497.0,1.341332346859681,103.96408329111787,1.35260515419801,103.94538891532706,Car/Van,,,true
7915282,645,Stop,,2016-02-28 08:55:31 UTC,2016-02-28 11:13:28 UTC,8277,,,1.352605154,103.9453889,Car/Van,,Meal/Eating Break,TRUE
7915282-7915577,645,Travel,241,2016-02-28 11:13:28 UTC,2016-02-28 12:18:51 UTC,3923.0,1.35260515419801,103.94538891532706,1.3565967877509917,103.98745348665358,LRT/MRT,,,true
7915577,645,Stop,,2016-02-28 12:18:51 UTC,2016-02-28 12:50:12 UTC,1881,,,1.356596788,103.9874535,LRT/MRT,,Personal Errand/Task,TRUE
7915577-7937483,645,Travel,242,2016-02-28 12:50:12 UTC,2016-02-28 12:57:49 UTC,457.0,1.3565967877509917,103.98745348665358,1.3350378457639693,103.96188370700222,LRT/MRT,Car/Van,,true
7937483,645,Stop,,2016-02-28 12:57:49 UTC,2016-02-28 12:58:56 UTC,67,,,1.335037846,103.9618837,LRT/MRT,Car/Van,Change Mode/Transfer,TRUE
7937483-7937485,645,Travel,242,2016-02-28 12:58:56 UTC,2016-02-28 13:07:28 UTC,512.0,1.3350378457639693,103.96188370700222,1.3416793304775416,103.96390071177296,Foot,,,true
7937485,645,Stop,,2016-02-28 13:07:28 UTC,2016-03-01 05:01:17 UTC,143629,,,1.34167933,103.9639007,Foot,,Home,TRUE
7937485-7937526,645,Travel,243,2016-03-01 05:01:17 UTC,2016-03-01 05:03:21 UTC,124.0,1.3416793304775416,103.96390071177296,1.3407662198207124,103.96266061563384,Foot,,,true
7937526,645,Stop,,2016-03-01 05:03:21 UTC,2016-03-01 07:09:54 UTC,7593,,,1.34076622,103.9626606,Foot,,Meal/Eating Break,TRUE
7937526-7943185,645,Travel,244,2016-03-01 07:09:54 UTC,2016-03-01 07:11:16 UTC,82.0,1.3407662198207124,103.96266061563384,1.3418848856896908,103.96440333754754,Foot,,,true
7943185,645,Stop,,2016-03-01 07:11:16 UTC,2016-03-02 00:45:54 UTC,63278,,,1.341884886,103.9644033,Foot,,Education,TRUE
7943185-7944639,645,Travel,245,2016-03-02 00:45:54 UTC,2016-03-02 00:48:39 UTC,165.0,1.3418848856896908,103.96440333754754,1.3399343263862098,103.96149648256203,Foot,,,true
7944639,645,Stop,,2016-03-02 00:48:39 UTC,2016-03-02 04:44:32 UTC,14153,,,1.339934326,103.9614965,Foot,,Education,TRUE
7944639-7947013,645,Travel,246,2016-03-02 04:44:32 UTC,2016-03-02 04:49:21 UTC,289.0,1.3399343263862098,103.96149648256203,1.3415982010043785,103.96406157269055,Foot,,,true
7947013,645,Stop,,2016-03-02 04:49:21 UTC,2016-03-02 10:53:45 UTC,21864,,,1.341598201,103.9640616,Foot,,Home,TRUE
7947013-7947200,645,Travel,247,2016-03-02 10:53:45 UTC,2016-03-02 11:16:31 UTC,1366.0,1.3415982010043785,103.96406157269055,1.3256455690069873,103.9342568407063,Bus,Car/Van,,true
7947200,645,Stop,,2016-03-02 11:16:31 UTC,2016-03-02 11:58:55 UTC,2544,,,1.325645569,103.9342568,Bus,Car/Van,Meal/Eating Break,TRUE
7947200-7949050,645,Travel,248,2016-03-02 11:58:55 UTC,2016-03-02 11:58:59 UTC,4.0,1.3256455690069873,103.9342568407063,1.3266634417965864,103.9330664871161,Foot,,,true
7949050,645,Stop,,2016-03-02 11:58:59 UTC,2016-03-02 12:00:18 UTC,79,,,1.326663442,103.9330665,Foot,,Meal/Eating Break,TRUE
7949050-7949052,645,Travel,249,2016-03-02 12:00:18 UTC,2016-03-02 12:05:49 UTC,331.0,1.3266634417965864,103.9330664871161,1.3242313423317196,103.92956707946121,Foot,,,true
7949052,645,Stop,,2016-03-02 12:05:49 UTC,2016-03-02 12:54:24 UTC,2915,,,1.324231342,103.9295671,Foot,,Entertainment,TRUE
7949052-7952853,645,Travel,250,2016-03-02 12:54:24 UTC,2016-03-02 13:10:16 UTC,952.0,1.3242313423317196,103.92956707946121,1.3361046494958335,103.96063201687487,Bus,Car/Van,,true
7952853,645,Stop,,2016-03-02 13:10:16 UTC,2016-03-02 13:14:24 UTC,248,,,1.336104649,103.960632,Bus,Car/Van,Home,TRUE
7952853-7952857,645,Travel,251,2016-03-02 13:14:24 UTC,2016-03-02 13:21:18 UTC,414.0,1.3361046494958335,103.96063201687487,1.3417031031019346,103.96389210745517,Foot,,,true
7952857,645,Stop,,2016-03-02 13:21:18 UTC,2016-03-03 05:06:12 UTC,56694,,,1.341703103,103.9638921,Foot,,Home,TRUE
7952857-7953100,645,Travel,252,2016-03-03 05:06:12 UTC,2016-03-03 05:07:14 UTC,62.0,1.3417031031019346,103.96389210745517,1.3404592948037397,103.96279000436232,Foot,,,true
7953100,645,Stop,,2016-03-03 05:07:14 UTC,2016-03-03 06:59:56 UTC,6762,,,1.340459295,103.96279,Foot,,Education,TRUE
7953100-7956812,645,Travel,253,2016-03-03 06:59:56 UTC,2016-03-03 07:02:00 UTC,124.0,1.3404592948037397,103.96279000436232,1.3419628013189842,103.96426454919649,Foot,,,true
7956812,645,Stop,,2016-03-03 07:02:00 UTC,2016-03-04 00:50:10 UTC,64090,,,1.341962801,103.9642645,Foot,,Home,TRUE
7956812-7960082,645,Travel,254,2016-03-04 00:50:10 UTC,2016-03-04 00:53:01 UTC,171.0,1.3419628013189842,103.96426454919649,1.3406283705503632,103.96313022551385,Foot,,,true
7960082,645,Stop,,2016-03-04 00:53:01 UTC,2016-03-04 00:54:34 UTC,93,,,1.340628371,103.9631302,Foot,,Change Mode/Transfer,TRUE
7960082-7960083,645,Travel,254,2016-03-04 00:54:34 UTC,2016-03-04 00:55:51 UTC,77.0,1.3406283705503632,103.96313022551385,1.3402767251241294,103.96160650078497,Foot,,,true
7960083,645,Stop,,2016-03-04 00:55:51 UTC,2016-03-04 02:52:25 UTC,6994,,,1.340276725,103.9616065,Foot,,Education,TRUE
7960083-7960626,645,Travel,255,2016-03-04 02:52:25 UTC,2016-03-04 02:53:12 UTC,47.0,1.3402767251241294,103.96160650078497,1.3415247937530232,103.96377925751267,Car/Van,,,true
7960626,645,Stop,,2016-03-04 02:53:12 UTC,2016-03-04 03:51:49 UTC,3517,,,1.341524794,103.9637793,Car/Van,,Education,TRUE
