Travel ID,User ID,Start Time,End Time,Travel TimeZone,Duration (Seconds),Start Lat,Start Lon,End Lat,End Lon,Final Mode,Other Mode,Predicted Mode,Validated?,Validated at,Duration before Validation (Seconds),Deleted?
7807928-7810620,643,2016-02-16 18:33:34 UTC,2016-02-17 03:12:49 UTC,Asia/Singapore,31155.0,1.3416755760407546,103.96382671367019,1.3399256491640812,103.96103802719276,Default,--,,false,2016-02-17 11:30:38 UTC,25514.0,false
7810620-7812394,643,2016-02-17 05:26:53 UTC,2016-02-17 09:52:36 UTC,Asia/Singapore,15943.0,1.3399256491640812,103.96103802719276,1.3348449990986613,103.96227189748953,Default,--,,false,2016-02-17 12:00:16 UTC,1467.0,false
7812394-7812813,643,2016-02-17 11:05:36 UTC,2016-02-17 11:17:40 UTC,Asia/Singapore,724.0,1.3348449990986613,103.96227189748953,1.3417189051113367,103.9639723214037,Foot,--,,false,2016-02-18 11:25:42 UTC,78318.0,false
7821279-7825011,643,2016-02-18 12:10:36 UTC,2016-02-18 13:23:20 UTC,Asia/Singapore,4364.0,1.3417265165785144,103.96406943907945,1.3416950999903325,103.96395037486081,Default,--,,false,2016-02-19 02:00:09 UTC,3263.0,false
7825011-7828130,643,2016-02-19 00:53:52 UTC,2016-02-19 01:00:04 UTC,Asia/Singapore,372.0,1.3416950999903325,103.96395037486081,1.3403120917015436,103.96203637041762,Foot,--,,false,2016-02-19 12:00:17 UTC,3578.0,false
7828130-7828134,643,2016-02-19 02:43:22 UTC,2016-02-19 02:44:42 UTC,Asia/Singapore,80.0,1.3403120917015436,103.96203637041762,1.3414112871228905,103.96339639981021,Foot,--,,false,2016-02-19 12:00:19 UTC,3580.0,false
7828134-7828216,643,2016-02-19 03:30:33 UTC,2016-02-19 03:34:41 UTC,Asia/Singapore,248.0,1.3414112871228905,103.96339639981021,1.3398533207667902,103.96098642830708,Foot,--,,false,2016-02-19 12:00:22 UTC,2671.0,false
7828216-7828217,643,2016-02-19 03:35:56 UTC,2016-02-19 03:36:45 UTC,Asia/Singapore,49.0,1.3398533207667902,103.96098642830708,1.340720401634829,103.96246236654912,Foot,--,,false,2016-02-19 12:00:24 UTC,2673.0,false
7828217-7829683,643,2016-02-19 06:54:48 UTC,2016-02-19 09:16:10 UTC,Asia/Singapore,8482.0,1.340720401634829,103.96246236654912,1.3401032245801394,103.9601385115376,Default,--,,false,2016-02-19 15:06:15 UTC,1.0,false
7829683-7829685,643,2016-02-19 09:27:09 UTC,2016-02-19 09:33:01 UTC,Asia/Singapore,352.0,1.3401032245801394,103.9601385115376,1.3424601178130933,103.9536892175222,Default,--,,false,2016-02-19 16:00:11 UTC,3237.0,false
7829685-7829686,643,2016-02-19 09:36:28 UTC,2016-02-19 09:42:19 UTC,Asia/Singapore,351.0,1.3424601178130933,103.9536892175222,1.353448427364071,103.945366941938,Car/Van,--,,false,2016-02-19 16:00:14 UTC,3240.0,false
7829686-7834316,643,2016-02-19 13:55:32 UTC,2016-02-19 14:02:49 UTC,Asia/Singapore,437.0,1.353448427364071,103.945366941938,1.3274361437309694,103.94676504274753,LRT/MRT,--,,false,2016-02-20 06:00:13 UTC,1463.0,false
7834316-7834319,643,2016-02-19 14:09:19 UTC,2016-02-19 14:18:57 UTC,Asia/Singapore,578.0,1.3274361437309694,103.94676504274753,1.3392953907515222,103.96161004861167,Car/Van,--,,false,2016-02-20 06:00:15 UTC,1465.0,false
7834319-7834321,643,2016-02-19 14:23:05 UTC,2016-02-19 14:29:16 UTC,Asia/Singapore,371.0,1.3392953907515222,103.96161004861167,1.3415426662804015,103.96361821903702,Foot,--,,false,2016-02-20 06:00:16 UTC,1466.0,false
7834321-7835041,643,2016-02-20 04:59:51 UTC,2016-02-20 05:23:57 UTC,Asia/Singapore,1446.0,1.3415426662804015,103.96361821903702,1.3425055206627587,103.95335442264424,Foot,--,,false,2016-02-20 08:00:20 UTC,1176.0,false
7835041-7837763,643,2016-02-20 06:58:15 UTC,2016-02-20 07:07:20 UTC,Asia/Singapore,545.0,1.3425055206627587,103.95335442264424,1.34464553256164,103.9574932680876,Foot,--,,false,2016-02-20 15:00:13 UTC,856.0,false
7837763-7837766,643,2016-02-20 07:12:01 UTC,2016-02-20 07:21:40 UTC,Asia/Singapore,579.0,1.34464553256164,103.9574932680876,1.340853363866168,103.9607785034696,Foot,--,,false,2016-02-20 15:00:14 UTC,857.0,false
7837766-7837768,643,2016-02-20 07:26:30 UTC,2016-02-20 07:33:23 UTC,Asia/Singapore,413.0,1.340853363866168,103.9607785034696,1.3415411149175807,103.96462843302827,Car/Van,--,,false,2016-02-20 15:00:16 UTC,859.0,false
7837768-7850544,643,2016-02-20 12:59:39 UTC,2016-02-20 13:23:04 UTC,Asia/Singapore,1405.0,1.3415411149175807,103.96462843302827,1.3414949321412475,103.96379923320367,Foot,--,,false,2016-02-22 15:50:47 UTC,66875.0,false
7850544-7856715,643,2016-02-21 21:25:29 UTC,2016-02-22 10:27:46 UTC,Asia/Singapore,46937.0,1.3414949321412475,103.96379923320367,1.3363000834717265,103.9635262471709,Default,--,,false,2016-02-22 16:00:10 UTC,249.0,false
7856715-7861183,643,2016-02-22 10:49:26 UTC,2016-02-22 10:52:11 UTC,Asia/Singapore,165.0,1.3363000834717265,103.9635262471709,1.338824933863875,103.96447081416423,Foot,--,,false,2016-02-23 06:00:10 UTC,3566.0,false
7861183-7861185,643,2016-02-22 10:55:38 UTC,2016-02-22 10:57:00 UTC,Asia/Singapore,82.0,1.338824933863875,103.96447081416423,1.3416671309436197,103.96403645299328,Foot,--,,false,2016-02-23 06:00:12 UTC,3568.0,false
7861185-7862802,643,2016-02-23 03:05:06 UTC,2016-02-23 03:07:12 UTC,Asia/Singapore,126.0,1.3416671309436197,103.96403645299328,1.3405654265050309,103.96302157335572,Foot,--,,false,2016-02-23 11:00:31 UTC,873.0,false
7862802-7862841,643,2016-02-23 05:28:27 UTC,2016-02-23 05:33:16 UTC,Asia/Singapore,289.0,1.3405654265050309,103.96302157335572,1.3398007888331376,103.96109807339242,Foot,--,,false,2016-02-23 11:00:40 UTC,290.0,false
7862841-7863863,643,2016-02-23 09:15:47 UTC,2016-02-23 09:21:58 UTC,Asia/Singapore,371.0,1.3398007888331376,103.96109807339242,1.3417491583126273,103.96398848625464,Default,--,,false,2016-02-23 15:00:15 UTC,1750.0,false
7863863-7866223,643,2016-02-23 11:35:09 UTC,2016-02-23 11:42:02 UTC,Asia/Singapore,413.0,1.3417491583126273,103.96398848625464,1.3396154660395454,103.96106660073252,Foot,--,,false,2016-02-23 20:00:10 UTC,2669.0,false
7866223-7866226,643,2016-02-23 11:52:22 UTC,2016-02-23 12:03:35 UTC,Asia/Singapore,673.0,1.3396154660395454,103.96106660073252,1.3273299430900662,103.94573611386205,Car/Van,--,,false,2016-02-23 20:00:12 UTC,2671.0,false
7866226-7866227,643,2016-02-23 12:04:44 UTC,2016-02-23 12:13:01 UTC,Asia/Singapore,497.0,1.3273299430900662,103.94573611386205,1.3242940439139055,103.93008504858878,LRT/MRT,--,,false,2016-02-23 20:00:13 UTC,2672.0,false
7866227-7866231,643,2016-02-23 12:27:27 UTC,2016-02-23 12:31:09 UTC,Asia/Singapore,222.0,1.3242940439139055,103.93008504858878,1.3244163700358458,103.9330418436567,Foot,--,,false,2016-02-23 20:00:17 UTC,2676.0,false
7866231-7866236,643,2016-02-23 12:34:00 UTC,2016-02-23 12:47:46 UTC,Asia/Singapore,826.0,1.3244163700358458,103.9330418436567,1.3315688444659912,103.95381616708663,Bus,--,,false,2016-02-23 20:00:18 UTC,2677.0,false
7866236-7866237,643,2016-02-23 12:49:08 UTC,2016-02-23 12:51:53 UTC,Asia/Singapore,165.0,1.3315688444659912,103.95381616708663,1.34029808580495,103.96109219564903,Default,--,,false,2016-02-23 20:00:20 UTC,2679.0,false
7866237-7866239,643,2016-02-23 12:55:21 UTC,2016-02-23 12:59:27 UTC,Asia/Singapore,246.0,1.34029808580495,103.96109219564903,1.3417517064788345,103.9639194935686,Foot,--,,false,2016-03-29 02:37:52 UTC,2964131.0,false
7866239-7892674,643,2016-02-23 19:43:35 UTC,2016-02-24 11:02:56 UTC,Asia/Singapore,55161.0,1.3417517064788345,103.9639194935686,1.3346806273018095,103.96236609925064,Default,--,,false,2016-02-26 06:00:09 UTC,1170.0,false
7892674-7892676,643,2016-02-24 11:10:31 UTC,2016-02-24 11:16:43 UTC,Asia/Singapore,372.0,1.3346806273018095,103.96236609925064,1.3381585191479346,103.96420413397517,Foot,--,,false,2016-02-26 06:00:11 UTC,1172.0,false
7892676-7892677,643,2016-02-24 11:18:05 UTC,2016-02-24 11:51:11 UTC,Asia/Singapore,1986.0,1.3381585191479346,103.96420413397517,1.341484547761322,103.96371311712576,Default,--,,false,2016-02-26 05:40:46 UTC,7.0,false
7892677-7892790,643,2016-02-25 18:21:50 UTC,2016-02-26 02:19:13 UTC,Asia/Singapore,28643.0,1.341484547761322,103.96371311712576,1.3402837927172429,103.96182364599917,Default,--,,false,2016-03-29 02:33:58 UTC,2753265.0,false
7892790-7892791,643,2016-02-26 02:24:35 UTC,2016-02-26 03:03:27 UTC,Asia/Singapore,2332.0,1.3402837927172429,103.96182364599917,1.3416685001175612,103.9634354116136,Default,--,,false,2016-03-29 02:35:11 UTC,2753338.0,false
7892791-7892834,643,2016-02-26 03:30:06 UTC,2016-02-26 03:38:22 UTC,Asia/Singapore,496.0,1.3416685001175612,103.9634354116136,1.3406021749158925,103.96248219320006,Foot,--,,true,2016-03-29 02:35:34 UTC,2753063.0,false
7892834-7896046,643,2016-02-26 05:29:16 UTC,2016-02-26 05:33:27 UTC,Asia/Singapore,251.0,1.3406021749158925,103.96248219320006,1.3417213694004104,103.96377665820532,Foot,--,,true,2016-03-29 02:35:48 UTC,2722192.0,false
7896046-7896065,643,2016-02-26 12:02:04 UTC,2016-02-26 12:08:16 UTC,Asia/Singapore,372.0,1.3417213694004104,103.96377665820532,1.3395476185880426,103.96098352166459,Foot,--,,true,2016-03-29 02:36:04 UTC,2722208.0,false
7896065-7896141,643,2016-02-26 12:25:05 UTC,2016-02-26 12:45:26 UTC,Asia/Singapore,1221.0,1.3395476185880426,103.96098352166459,1.3242055738247789,103.92987296109831,Bus,--,,true,2016-03-29 02:36:37 UTC,2721652.0,false
7896141-7902643,643,2016-02-26 13:40:30 UTC,2016-02-26 13:53:15 UTC,Asia/Singapore,765.0,1.3242055738247789,103.92987296109831,1.3404338139910603,103.96107907503253,Bus,--,,true,2016-03-29 02:37:10 UTC,2672172.0,false
7902643-7902646,643,2016-02-26 13:58:46 UTC,2016-02-26 14:07:59 UTC,Asia/Singapore,553.0,1.3404338139910603,103.96107907503253,1.3416113293961471,103.96399514909132,Foot,--,,true,2016-03-29 02:37:20 UTC,2672182.0,false
7902646-7907772,643,2016-02-27 02:23:19 UTC,2016-02-27 02:58:59 UTC,Asia/Singapore,2140.0,1.3416113293961471,103.96399514909132,1.3414907613139304,103.96426417051595,Default,--,,false,2016-02-27 19:00:07 UTC,2964.0,false
7907772-7907801,643,2016-02-27 10:10:10 UTC,2016-02-27 10:46:46 UTC,Asia/Singapore,2196.0,1.3414907613139304,103.96426417051595,1.3343156658614919,103.96276733669781,Foot,--,,true,2016-03-29 02:32:04 UTC,2622069.0,false
7907801-7907821,643,2016-02-27 11:19:09 UTC,2016-02-27 11:40:30 UTC,Asia/Singapore,1281.0,1.3343156658614919,103.96276733669781,1.3385778785780196,103.97104627559871,Foot,--,,true,2016-03-29 02:32:31 UTC,2621809.0,false
7907821-7907823,643,2016-02-27 11:43:57 UTC,2016-02-27 11:44:39 UTC,Asia/Singapore,42.0,1.3385778785780196,103.97104627559871,1.3400541097412157,103.97174343695151,Foot,--,,true,2016-03-29 02:32:52 UTC,2621830.0,false
7907823-7907829,643,2016-02-27 11:48:46 UTC,2016-02-27 12:16:20 UTC,Asia/Singapore,1654.0,1.3400541097412157,103.97174343695151,1.3416174295082746,103.96424850803191,Foot,--,,true,2016-03-29 02:32:59 UTC,2621837.0,false
7907829-7916463,643,2016-02-28 09:19:30 UTC,2016-02-28 09:31:13 UTC,Asia/Singapore,703.0,1.3416174295082746,103.96424850803191,1.35364836714395,103.94570687434276,Car/Van,--,,true,2016-03-29 02:30:36 UTC,2545765.0,false
7916463-7935353,643,2016-02-28 11:52:42 UTC,2016-02-28 12:00:44 UTC,Asia/Singapore,482.0,1.35364836714395,103.94570687434276,1.3386209490992778,103.96013632446726,Car/Van,--,,true,2016-03-29 02:30:59 UTC,2411414.0,false
7935353-7935354,643,2016-02-28 12:02:20 UTC,2016-02-28 12:05:47 UTC,Asia/Singapore,207.0,1.3386209490992778,103.96013632446726,1.3411477186073066,103.96347741236715,Foot,--,,true,2016-03-29 02:31:03 UTC,2411418.0,false
7935354-7937262,643,2016-03-01 05:46:37 UTC,2016-03-01 05:48:00 UTC,Asia/Singapore,83.0,1.3411477186073066,103.96347741236715,1.3400357223303458,103.96144956866797,Foot,--,,true,2016-03-29 02:21:23 UTC,2398232.0,false
7937262-7948705,643,2016-03-01 07:52:42 UTC,2016-03-01 07:55:38 UTC,Asia/Singapore,176.0,1.3400357223303458,103.96144956866797,1.3412109287121878,103.96341238386533,Foot,--,,true,2016-03-29 02:28:11 UTC,2278350.0,false
7948705-7948838,643,2016-03-01 09:30:00 UTC,2016-03-01 10:09:00 UTC,Asia/Singapore,2340.0,1.3412109287121878,103.96341238386533,1.3344858534036628,103.96260768433612,Foot,--,,true,2016-03-29 02:29:19 UTC,2277522.0,false
7948838-7948842,643,2016-03-01 11:30:47 UTC,2016-03-01 11:39:51 UTC,Asia/Singapore,544.0,1.3344858534036628,103.96260768433612,1.339306765286977,103.96476868043482,Foot,--,,true,2016-03-29 02:29:38 UTC,2277541.0,false
7948842-7948843,643,2016-03-01 11:41:48 UTC,2016-03-01 11:42:29 UTC,Asia/Singapore,41.0,1.339306765286977,103.96476868043482,1.3413601300486446,103.96418300515207,Foot,--,,true,2016-03-29 02:29:51 UTC,2277554.0,false
7948926-7948928,643,2016-03-02 11:21:01 UTC,2016-03-02 11:27:13 UTC,Asia/Singapore,372.0,1.3247391750779207,103.93529043337914,1.3266667891614383,103.93351982269873,Foot,--,,true,2016-03-29 02:19:56 UTC,2276329.0,false
7948928-7948930,643,2016-03-02 11:58:54 UTC,2016-03-02 12:05:47 UTC,Asia/Singapore,413.0,1.3266667891614383,103.93351982269873,1.3242288657352947,103.9297203893203,Foot,--,,true,2016-03-29 02:20:17 UTC,2276349.0,false
7948930-7959814,643,2016-03-02 12:53:38 UTC,2016-03-02 13:08:47 UTC,Asia/Singapore,909.0,1.3242288657352947,103.9297203893203,1.3365912752205598,103.95954331980624,Bus,--,Car/Van,true,2016-03-29 02:20:55 UTC,2160612.0,false
7961986-7962050,643,2016-03-04 02:50:08 UTC,2016-03-04 02:52:12 UTC,Asia/Singapore,124.0,1.3398148498996636,103.96107315671944,1.340507701903281,103.96278708508902,Foot,--,,true,2016-03-29 02:15:33 UTC,2139577.0,false
7962050-7962188,643,2016-03-04 06:52:43 UTC,2016-03-04 07:37:19 UTC,Asia/Singapore,2676.0,1.340507701903281,103.96278708508902,1.3417100793618206,103.96391517627788,Default,--,,false,2016-03-29 02:15:53 UTC,2137530.0,false
7962188-7964277,643,2016-03-04 08:59:06 UTC,2016-03-04 09:15:37 UTC,Asia/Singapore,991.0,1.3417100793618206,103.96391517627788,1.3351202834879496,103.96168917408279,Foot,--,,true,2016-03-29 02:16:14 UTC,2116817.0,false
7964277-7964279,643,2016-03-04 09:20:07 UTC,2016-03-04 09:32:10 UTC,Asia/Singapore,723.0,1.3351202834879496,103.96168917408279,1.3241273247291154,103.9299725799801,LRT/MRT,--,Default,true,2016-03-29 02:17:37 UTC,2116900.0,false
7964279-7964280,643,2016-03-04 09:36:18 UTC,2016-03-04 09:53:00 UTC,Asia/Singapore,1002.0,1.3241273247291154,103.9299725799801,1.3261576857161161,103.94310996672606,Foot,--,Default,true,2016-03-29 02:18:37 UTC,2116960.0,false
7964280-7964282,643,2016-03-04 11:01:36 UTC,2016-03-04 11:09:52 UTC,Asia/Singapore,496.0,1.3261576857161161,103.94310996672606,1.3416557745881597,103.96476665523578,Car/Van,--,,true,2016-03-29 02:19:11 UTC,2116994.0,false
7969326-7974517,643,2016-03-05 03:32:55 UTC,2016-03-05 03:34:59 UTC,Asia/Singapore,124.0,1.3407399862251885,103.96313179863739,1.341803260925034,103.96435482175303,Foot,--,,true,2016-03-29 02:07:24 UTC,2009790.0,false
7974517-7974573,643,2016-03-05 07:28:27 UTC,2016-03-05 07:30:15 UTC,Asia/Singapore,108.0,1.341803260925034,103.96435482175303,1.340540019556789,103.96332459797968,Foot,--,,true,2016-03-29 02:07:52 UTC,2009529.0,false
7974573-7974575,643,2016-03-05 07:38:47 UTC,2016-03-05 07:46:21 UTC,Asia/Singapore,454.0,1.340540019556789,103.96332459797968,1.3272096715880324,103.94629540104657,Bus,--,Car/Van,true,2016-03-29 02:08:49 UTC,2009586.0,false
7974575-7974578,643,2016-03-05 07:51:30 UTC,2016-03-05 08:31:26 UTC,Asia/Singapore,2396.0,1.3272096715880324,103.94629540104657,1.264820265510847,103.82191547183189,LRT/MRT,--,,true,2016-03-29 02:09:41 UTC,2009638.0,false
7974578-7974636,643,2016-03-05 09:50:32 UTC,2016-03-05 10:46:00 UTC,Asia/Singapore,3328.0,1.264820265510847,103.82191547183189,1.2843891905194265,103.84386040593138,LRT/MRT,--,,true,2016-03-29 02:11:52 UTC,2009172.0,false
7974636-7974670,643,2016-03-05 13:08:38 UTC,2016-03-05 13:27:07 UTC,Asia/Singapore,1109.0,1.2843891905194265,103.84386040593138,1.284184207378365,103.85020450475187,Foot,--,,true,2016-03-29 02:12:30 UTC,2008907.0,false
7974670-7974671,643,2016-03-05 13:29:16 UTC,2016-03-05 14:09:14 UTC,Asia/Singapore,2398.0,1.284184207378365,103.85020450475187,1.3273418282844196,103.94657745027007,LRT/MRT,--,Default,true,2016-03-29 02:12:52 UTC,2008929.0,false
7974671-7974672,643,2016-03-05 14:12:00 UTC,2016-03-05 14:18:19 UTC,Asia/Singapore,379.0,1.3273418282844196,103.94657745027007,1.3362398418345545,103.96321482376075,LRT/MRT,--,Car/Van,true,2016-03-29 02:13:59 UTC,2008996.0,false
7974672-7975432,643,2016-03-05 14:20:00 UTC,2016-03-05 14:43:55 UTC,Asia/Singapore,1435.0,1.3362398418345545,103.96321482376075,1.3397438687804706,103.96472590952763,Foot,--,,true,2016-03-29 02:14:16 UTC,1998512.0,false
7975432-7975434,643,2016-03-05 14:48:31 UTC,2016-03-05 14:50:52 UTC,Asia/Singapore,141.0,1.3397438687804706,103.96472590952763,1.3416604698939218,103.9640652497522,Foot,--,,true,2016-03-29 02:14:37 UTC,1998533.0,false
7975434-7975443,643,2016-03-05 22:25:28 UTC,2016-03-05 22:28:14 UTC,Asia/Singapore,166.0,1.3416604698939218,103.9640652497522,1.3405077042888178,103.96322379359384,Foot,--,,true,2016-03-29 02:00:57 UTC,1997712.0,false
7975443-7975444,643,2016-03-05 22:30:18 UTC,2016-03-05 22:39:11 UTC,Asia/Singapore,533.0,1.3405077042888178,103.96322379359384,1.3628257500779393,103.98967025827062,Car/Van,--,,true,2016-03-29 02:02:27 UTC,1997802.0,false
7975444-7978060,643,2016-03-05 23:51:10 UTC,2016-03-05 23:58:03 UTC,Asia/Singapore,413.0,1.3628257500779393,103.98967025827062,1.3646748408841134,103.9936261688909,Foot,--,,true,2016-03-29 02:03:15 UTC,1969359.0,false
7978060-7978079,643,2016-03-06 00:26:37 UTC,2016-03-06 04:32:21 UTC,Asia/Bangkok,14744.0,1.3646748408841134,103.9936261688909,7.8810031031800065,98.29690820664486,Default,--,,false,2016-03-06 11:20:52 UTC,15303.0,false
7978079-7979649,643,2016-03-06 10:24:52 UTC,2016-03-06 10:26:57 UTC,Asia/Bangkok,125.0,7.8810031031800065,98.29690820664486,7.881157630773528,98.29857204429405,Foot,--,,false,2016-03-06 12:00:30 UTC,1476.0,false
7979649-7979651,643,2016-03-06 10:37:04 UTC,2016-03-06 10:50:40 UTC,Asia/Bangkok,816.0,7.881157630773528,98.29857204429405,7.907445123319125,98.29686454170692,Car/Van,--,,false,2016-03-06 13:15:25 UTC,5971.0,false
7979651-7980578,643,2016-03-06 12:09:34 UTC,2016-03-06 12:20:15 UTC,Asia/Bangkok,641.0,7.907445123319125,98.29686454170692,7.89886559766971,98.30001913887827,Car/Van,--,,false,2016-03-06 14:00:24 UTC,1487.0,false
7980578-7980579,643,2016-03-06 12:25:46 UTC,2016-03-06 12:42:13 UTC,Asia/Bangkok,987.0,7.89886559766971,98.30001913887827,7.898993837481253,98.30000045131692,Car/Van,--,,false,2016-03-06 14:00:25 UTC,1488.0,false
7980579-7980581,643,2016-03-06 12:48:10 UTC,2016-03-06 13:08:44 UTC,Asia/Bangkok,1234.0,7.898993837481253,98.30000045131692,7.881030631646816,98.29687680684887,Default,--,,false,2016-03-06 17:25:43 UTC,13806.0,false
7980581-7981925,643,2016-03-06 13:37:03 UTC,2016-03-06 13:38:08 UTC,Asia/Bangkok,65.0,7.881030631646816,98.29687680684887,7.881153621449757,98.2986148059534,Car/Van,--,,false,2016-03-06 18:00:18 UTC,1733.0,false
7981925-7981928,643,2016-03-06 13:42:14 UTC,2016-03-06 13:50:48 UTC,Asia/Bangkok,514.0,7.881153621449757,98.2986148059534,7.887685338835711,98.29969149287956,Car/Van,--,,false,2016-03-06 18:00:20 UTC,1735.0,false
7981928-7981932,643,2016-03-06 14:01:48 UTC,2016-03-06 14:27:57 UTC,Asia/Bangkok,1569.0,7.887685338835711,98.29969149287956,7.892705135963971,98.29821520787821,Car/Van,--,,false,2016-03-06 18:00:24 UTC,1739.0,false
7981932-7981936,643,2016-03-06 14:36:53 UTC,2016-03-06 14:38:58 UTC,Asia/Bangkok,125.0,7.892705135963971,98.29821520787821,7.893578030735464,98.2967497763347,Default,--,,false,2016-03-06 18:00:25 UTC,1740.0,false
7981936-7981941,643,2016-03-06 14:49:59 UTC,2016-03-06 14:51:21 UTC,Asia/Bangkok,82.0,7.893578030735464,98.2967497763347,7.892662434738302,98.29827235521014,Default,--,,false,2016-03-06 18:00:27 UTC,1742.0,false
7981941-7986977,643,2016-03-06 15:46:48 UTC,2016-03-06 15:47:29 UTC,Asia/Bangkok,41.0,7.892662434738302,98.29827235521014,7.891271376518364,98.29780023014762,Car/Van,--,,false,2016-03-07 06:00:09 UTC,555.0,false
7986978-7987016,643,2016-03-07 03:38:36 UTC,2016-03-07 04:11:12 UTC,Asia/Bangkok,1956.0,7.881101931589686,98.29669252525267,7.881083584309462,98.29697782981421,Default,--,,false,2016-03-07 08:05:42 UTC,8088.0,false
7987016-7989859,643,2016-03-07 05:54:27 UTC,2016-03-07 05:55:09 UTC,Asia/Bangkok,42.0,7.881083584309462,98.29697782981421,7.881186942152377,98.2985740229034,Car/Van,--,,false,2016-03-07 12:00:23 UTC,3288.0,false
7989859-7989860,643,2016-03-07 06:00:20 UTC,2016-03-07 06:05:50 UTC,Asia/Bangkok,330.0,7.881186942152377,98.2985740229034,7.887900544894606,98.29977238241072,Default,--,,false,2016-03-07 12:00:25 UTC,3290.0,false
7989860-7989861,643,2016-03-07 06:18:57 UTC,2016-03-07 06:21:00 UTC,Asia/Bangkok,123.0,7.887900544894606,98.29977238241072,7.89113980987598,98.3013796009212,Car/Van,--,,false,2016-03-07 12:00:26 UTC,3291.0,false
7989861-7989863,643,2016-03-07 06:26:50 UTC,2016-03-07 06:28:36 UTC,Asia/Bangkok,106.0,7.89113980987598,98.3013796009212,7.8913548364582216,98.29952636948863,Foot,--,,false,2016-03-07 12:00:28 UTC,3293.0,false
7989863-7989866,643,2016-03-07 06:38:12 UTC,2016-03-07 06:41:32 UTC,Asia/Bangkok,200.0,7.8913548364582216,98.29952636948863,7.897321074763702,98.2966311736189,Car/Van,--,,false,2016-03-07 12:00:29 UTC,3294.0,false
7989866-7989924,643,2016-03-07 07:18:07 UTC,2016-03-07 07:29:41 UTC,Asia/Bangkok,694.0,7.897321074763702,98.2966311736189,7.890855898965578,98.3015019132418,Default,--,,false,2016-03-07 12:00:33 UTC,2995.0,false
7989924-7990722,643,2016-03-07 07:48:34 UTC,2016-03-07 07:54:46 UTC,Asia/Bangkok,372.0,7.890855898965578,98.3015019132418,7.881093804711552,98.2973826077532,Car/Van,--,,false,2016-03-07 15:00:08 UTC,1770.0,false
7990722-7990955,643,2016-03-07 11:15:23 UTC,2016-03-07 11:18:50 UTC,Asia/Bangkok,207.0,7.881093804711552,98.2973826077532,7.888237037684634,98.29167584527943,Car/Van,--,,false,2016-03-07 15:00:10 UTC,1141.0,false
7990955-7991482,643,2016-03-07 12:05:57 UTC,2016-03-07 12:14:54 UTC,Asia/Bangkok,537.0,7.888237037684634,98.29167584527943,7.896058839055801,98.29929564027955,Car/Van,--,,false,2016-03-07 16:00:22 UTC,2080.0,false
7991482-7991585,643,2016-03-07 13:26:32 UTC,2016-03-07 13:37:33 UTC,Asia/Bangkok,661.0,7.896058839055801,98.29929564027955,7.880923021187064,98.29696998634472,Car/Van,--,,false,2016-03-07 16:00:35 UTC,1764.0,false
7991585-7991592,643,2016-03-07 14:17:30 UTC,2016-03-07 14:20:57 UTC,Asia/Bangkok,207.0,7.880923021187064,98.29696998634472,7.87898949905392,98.29190446210885,Car/Van,--,,false,2016-03-07 16:40:43 UTC,4172.0,false
7991592-7992295,643,2016-03-07 15:43:36 UTC,2016-03-07 15:47:29 UTC,Asia/Bangkok,233.0,7.87898949905392,98.29190446210885,7.887633933312282,98.2915525445841,Car/Van,--,,false,2016-03-07 17:00:58 UTC,1215.0,false
7992295-7992297,643,2016-03-07 15:52:18 UTC,2016-03-07 15:59:33 UTC,Asia/Bangkok,435.0,7.887633933312282,98.2915525445841,7.895965760252063,98.29928486988851,Car/Van,--,,false,2016-03-23 04:02:45 UTC,1336922.0,false
7992297-7994887,643,2016-03-07 16:25:01 UTC,2016-03-07 16:30:41 UTC,Asia/Bangkok,340.0,7.895965760252063,98.29928486988851,7.881050380820181,98.29695017141313,Motorcycle/Scooter,--,Car/Van,true,2016-03-23 04:03:48 UTC,1319287.0,false
7994887-7994991,643,2016-03-07 18:31:16 UTC,2016-03-07 19:05:42 UTC,Asia/Bangkok,2066.0,7.881050380820181,98.29695017141313,7.910655473456602,98.29560010390017,Motorcycle/Scooter,--,Car/Van,true,2016-03-23 04:04:50 UTC,1319018.0,false
7994991-8001429,643,2016-03-07 19:30:09 UTC,2016-03-07 19:50:16 UTC,Asia/Bangkok,1207.0,7.910655473456602,98.29560010390017,7.881079329366173,98.29689059062979,Motorcycle/Scooter,--,Car/Van,true,2016-03-23 04:05:14 UTC,1277672.0,false
8001429-8001456,643,2016-03-08 01:18:51 UTC,2016-03-08 01:21:41 UTC,Asia/Bangkok,170.0,7.881079329366173,98.29689059062979,7.88820008897065,98.29993058838627,Foot,--,Car/Van,true,2016-03-23 04:06:04 UTC,1277722.0,false
8001456-8012224,643,2016-03-08 08:22:58 UTC,2016-03-08 08:44:01 UTC,Asia/Bangkok,1263.0,7.88820008897065,98.29993058838627,8.429040447002189,98.47149337227572,Car/Van,--,,true,2016-03-23 04:06:44 UTC,1188980.0,false
8012224-8012230,643,2016-03-08 08:47:13 UTC,2016-03-08 09:04:28 UTC,Asia/Bangkok,1035.0,8.429040447002189,98.47149337227572,8.42913916355331,98.47147245496167,Car/Van,--,Default,true,2016-03-23 04:07:22 UTC,1189018.0,false
8012231-8022938,643,2016-03-09 07:23:41 UTC,2016-03-09 09:13:19 UTC,Asia/Bangkok,6578.0,7.607058090082585,98.36777577965955,7.881141245972123,98.29713975902149,Car/Van,--,,true,2016-03-23 03:55:55 UTC,1086879.0,false
8022938-8022946,643,2016-03-09 10:24:14 UTC,2016-03-09 10:24:57 UTC,Asia/Bangkok,43.0,7.881141245972123,98.29713975902149,7.8812617786820285,98.29701626621275,Foot,--,,true,2016-03-23 03:57:06 UTC,1086950.0,false
8022946-8022961,643,2016-03-09 11:41:00 UTC,2016-03-09 11:43:45 UTC,Asia/Bangkok,165.0,7.8812617786820285,98.29701626621275,7.881195378059123,98.29859818777844,Motorcycle/Scooter,--,Foot,true,2016-03-23 03:57:32 UTC,1086976.0,false
8022961-8022962,643,2016-03-09 11:49:57 UTC,2016-03-09 11:51:20 UTC,Asia/Bangkok,83.0,7.881195378059123,98.29859818777844,7.882236822954308,98.29967848544288,Foot,--,,true,2016-03-23 03:59:47 UTC,1087111.0,false
8022962-8022963,643,2016-03-09 11:52:42 UTC,2016-03-09 12:06:49 UTC,Asia/Bangkok,847.0,7.882236822954308,98.29967848544288,7.893585411426091,98.29849297630628,Motorcycle/Scooter,--,Car/Van,true,2016-03-23 04:01:38 UTC,1087222.0,false
7808336-7810442,644,2016-02-17 01:49:18 UTC,2016-02-17 01:58:29 UTC,Asia/Singapore,551.0,1.3424602470570295,103.96439862187407,1.3393758111764706,103.96084983294118,Foot,--,,true,2016-02-17 04:05:12 UTC,4488.0,false
7810442-7810450,644,2016-02-17 02:01:48 UTC,2016-02-17 02:24:34 UTC,Asia/Singapore,1366.0,1.3393758111764706,103.96084983294118,1.3254432786888455,103.93193913906066,Foot,--,,true,2016-03-21 14:34:18 UTC,2893434.0,false
7810450-7810480,644,2016-02-17 02:48:03 UTC,2016-02-17 02:48:46 UTC,Asia/Singapore,43.0,1.3254432786888455,103.93193913906066,1.3242956475122432,103.93071388312191,Bus,--,Car/Van,true,2016-03-21 14:34:30 UTC,2892251.0,false
7810480-7811115,644,2016-02-17 03:19:07 UTC,2016-02-17 03:25:34 UTC,Asia/Singapore,387.0,1.3242956475122432,103.93071388312191,1.327375174375,103.94608912812501,LRT/MRT,--,,true,2016-03-21 14:34:43 UTC,2883861.0,false
7811115-7811116,644,2016-02-17 03:26:44 UTC,2016-02-17 03:31:53 UTC,Asia/Singapore,309.0,1.327375174375,103.94608912812501,1.339369912963564,103.96086722498879,Bus,--,,true,2016-03-21 14:35:57 UTC,2883935.0,false
7811116-7811236,644,2016-02-17 05:28:02 UTC,2016-02-17 05:32:42 UTC,Asia/Singapore,280.0,1.339369912963564,103.96086722498879,1.341671607592859,103.96328245664017,Foot,--,,true,2016-03-21 14:36:47 UTC,2879475.0,false
7811236-7812087,644,2016-02-17 06:53:10 UTC,2016-02-17 07:33:58 UTC,Asia/Singapore,2448.0,1.341671607592859,103.96328245664017,1.3420655472458298,103.96396815763299,Foot,--,,true,2016-03-21 14:37:05 UTC,2867495.0,false
7812087-7812336,644,2016-02-17 10:00:53 UTC,2016-02-17 10:07:22 UTC,Asia/Singapore,389.0,1.3420655472458298,103.96396815763299,1.3401129,103.9628616,Foot,--,,true,2016-03-21 14:37:21 UTC,2862411.0,false
7812336-7812342,644,2016-02-17 10:11:48 UTC,2016-02-17 10:22:10 UTC,Asia/Singapore,622.0,1.3401129,103.9628616,1.3355000906211898,103.96356759714746,Foot,--,,true,2016-03-21 14:37:28 UTC,2862418.0,false
7812342-7812486,644,2016-02-17 11:29:16 UTC,2016-02-17 11:31:08 UTC,Asia/Singapore,112.0,1.3355000906211898,103.96356759714746,1.3385363950000002,103.9645040709091,Foot,--,,true,2016-03-21 14:37:34 UTC,2860630.0,false
7812486-7812487,644,2016-02-17 11:34:46 UTC,2016-02-17 11:35:12 UTC,Asia/Singapore,26.0,1.3385363950000002,103.9645040709091,1.3401129,103.9628616,Foot,--,Car/Van,true,2016-03-21 14:37:53 UTC,2860649.0,false
7812487-7820064,644,2016-02-17 11:51:58 UTC,2016-02-17 11:55:16 UTC,Asia/Singapore,198.0,1.3401129,103.9628616,1.342381496349836,103.96453932203498,Foot,--,,true,2016-03-21 14:38:04 UTC,2780244.0,false
7820064-7820082,644,2016-02-18 00:28:58 UTC,2016-02-18 00:34:44 UTC,Asia/Singapore,346.0,1.342381496349836,103.96453932203498,1.3401129,103.9628616,Foot,--,,true,2016-03-21 14:38:16 UTC,2780256.0,false
7826203-7838359,644,2016-02-19 05:24:42 UTC,2016-02-19 09:13:31 UTC,Asia/Singapore,13729.0,1.3401129,103.9628616,1.3396915390322581,103.96105791548383,Foot,--,,true,2016-03-21 15:38:43 UTC,2589489.0,false
7838359-7838361,644,2016-02-19 09:17:35 UTC,2016-02-19 09:35:11 UTC,Asia/Singapore,1056.0,1.3396915390322581,103.96105791548383,1.323663607368421,103.9291976436842,Bus,--,Car/Van,true,2016-03-21 15:39:01 UTC,2589507.0,false
7838365-7838369,644,2016-02-20 07:02:58 UTC,2016-02-20 07:44:23 UTC,Asia/Singapore,2485.0,1.3951210324137928,103.90557285413793,1.3980767,103.91584820000003,Bus,--,,true,2016-03-21 15:39:49 UTC,2589555.0,false
7838369-7843409,644,2016-02-20 16:14:29 UTC,2016-02-21 02:51:16 UTC,Asia/Singapore,38207.0,1.3980767,103.91584820000003,1.3566986411842108,103.93251607842103,Car/Van,--,,true,2016-03-21 15:40:46 UTC,2545489.0,false
7843409-7843410,644,2016-02-21 02:52:31 UTC,2016-02-21 03:37:57 UTC,Asia/Singapore,2726.0,1.3566986411842108,103.93251607842103,1.3968040991666666,103.90358052249996,Car/Van,--,,true,2016-03-21 15:41:13 UTC,2545516.0,false
7843410-7843412,644,2016-02-21 03:39:35 UTC,2016-02-21 03:51:35 UTC,Asia/Singapore,720.0,1.3968040991666666,103.90358052249996,1.373292532142857,103.8477098962143,Car/Van,--,,true,2016-03-21 15:41:44 UTC,2545547.0,false
7843412-7843414,644,2016-02-21 03:56:12 UTC,2016-02-21 04:03:04 UTC,Asia/Singapore,412.0,1.373292532142857,103.8477098962143,1.37149606,103.847829155,Foot,--,,true,2016-03-21 15:41:53 UTC,2545556.0,false
7843414-7843900,644,2016-02-21 04:29:33 UTC,2016-02-21 05:23:11 UTC,Asia/Singapore,3218.0,1.37149606,103.847829155,1.37203212,103.84710401083333,Foot,--,,true,2016-03-21 15:43:04 UTC,2541448.0,false
7843900-7852259,644,2016-02-21 05:39:23 UTC,2016-02-21 06:05:26 UTC,Asia/Singapore,1563.0,1.37203212,103.84710401083333,1.3423987321812656,103.96470368586691,Car/Van,--,,true,2016-03-21 15:43:28 UTC,2462822.0,false
7852259-7853898,644,2016-02-22 03:30:51 UTC,2016-02-22 03:40:04 UTC,Asia/Singapore,553.0,1.3423987321812656,103.96470368586691,1.3401129,103.9628616,Foot,--,,true,2016-03-21 15:43:56 UTC,2444582.0,false
7853898-7859502,644,2016-02-22 08:39:22 UTC,2016-02-22 08:43:57 UTC,Asia/Singapore,275.0,1.3401129,103.9628616,1.3423005146147846,103.964384230741,Foot,--,,true,2016-03-21 15:44:04 UTC,2388783.0,false
7859502-7860078,644,2016-02-23 00:02:50 UTC,2016-02-23 00:30:17 UTC,Asia/Singapore,1647.0,1.3423005146147846,103.964384230741,1.3240785541666666,103.93092174166668,Bus,--,Foot,true,2016-03-21 15:45:42 UTC,2382891.0,false
7860078-7860087,644,2016-02-23 00:31:19 UTC,2016-02-23 01:08:39 UTC,Asia/Singapore,2240.0,1.3240785541666666,103.93092174166668,1.3070272467500001,103.79040559450002,LRT/MRT,--,,true,2016-03-21 15:45:52 UTC,2382901.0,false
7860087-7860089,644,2016-02-23 01:13:49 UTC,2016-02-23 01:14:59 UTC,Asia/Singapore,70.0,1.3070272467500001,103.79040559450002,1.298857000859344,103.78744430906156,LRT/MRT,--,,true,2016-03-21 15:46:08 UTC,2382917.0,false
7860089-7860722,644,2016-02-23 01:55:00 UTC,2016-02-23 01:55:51 UTC,Asia/Singapore,51.0,1.298857000859344,103.78744430906156,1.307034252875817,103.79048375918302,LRT/MRT,--,,true,2016-03-21 15:46:15 UTC,2378750.0,false
7860722-7860732,644,2016-02-23 02:01:26 UTC,2016-02-23 02:36:23 UTC,Asia/Singapore,2097.0,1.307034252875817,103.79048375918302,1.3245435359454625,103.93007233597353,LRT/MRT,--,,true,2016-03-21 15:46:34 UTC,2378769.0,false
7860732-7861255,644,2016-02-23 02:57:23 UTC,2016-02-23 03:13:29 UTC,Asia/Singapore,966.0,1.3245435359454625,103.93007233597353,1.3399065491465336,103.96098878318278,Bus,--,Car/Van,true,2016-03-21 15:47:18 UTC,2371015.0,false
7861255-7861258,644,2016-02-23 03:19:34 UTC,2016-02-23 03:22:01 UTC,Asia/Singapore,147.0,1.3399065491465336,103.96098878318278,1.3419314382560041,103.96389903211244,Foot,--,,true,2016-03-21 15:47:34 UTC,2371031.0,false
7861258-7861956,644,2016-02-23 04:59:31 UTC,2016-02-23 05:02:50 UTC,Asia/Singapore,199.0,1.3419314382560041,103.96389903211244,1.3401129,103.9628616,Foot,--,,true,2016-03-21 15:47:38 UTC,2361105.0,false
7861956-7868620,644,2016-02-23 08:36:39 UTC,2016-02-23 08:39:42 UTC,Asia/Singapore,183.0,1.3401129,103.9628616,1.3422288300000003,103.964240295202,Foot,--,,true,2016-03-21 15:47:41 UTC,2293312.0,false
7868620-7868624,644,2016-02-23 10:55:33 UTC,2016-02-23 11:01:35 UTC,Asia/Singapore,362.0,1.3422288300000003,103.964240295202,1.3418150218067955,103.96400057638625,Foot,--,Default,true,2016-03-21 15:47:51 UTC,2293322.0,false
7868624-7880857,644,2016-02-24 02:37:25 UTC,2016-02-24 02:40:44 UTC,Asia/Singapore,199.0,1.3418150218067955,103.96400057638625,1.3400357367069238,103.96196592017196,Foot,--,,true,2016-03-21 15:48:09 UTC,2184723.0,false
7880857-7880864,644,2016-02-24 05:12:34 UTC,2016-02-24 05:17:34 UTC,Asia/Singapore,300.0,1.3400357367069238,103.96196592017196,1.3401129,103.9628616,Foot,--,,true,2016-03-21 15:48:26 UTC,2184740.0,false
7880864-7880865,644,2016-02-24 05:18:54 UTC,2016-02-24 05:19:16 UTC,Asia/Singapore,22.0,1.3401129,103.9628616,1.3424545744725145,103.96453968288463,Foot,--,,true,2016-03-21 15:48:32 UTC,2184746.0,false
7880865-7880891,644,2016-02-25 00:31:23 UTC,2016-02-25 00:42:28 UTC,Asia/Singapore,665.0,1.3424545744725145,103.96453968288463,1.3401129,103.9628616,Foot,--,,true,2016-03-21 15:49:04 UTC,2184778.0,false
7880891-7889581,644,2016-02-25 08:39:50 UTC,2016-02-25 11:08:34 UTC,Asia/Singapore,8924.0,1.3401129,103.9628616,1.3424869743068553,103.96454708056055,Foot,--,,true,2016-03-21 15:49:28 UTC,2128122.0,false
7889581-7891630,644,2016-02-26 00:28:05 UTC,2016-02-26 00:30:21 UTC,Asia/Singapore,136.0,1.3424869743068553,103.96454708056055,1.341572818333333,103.96353167416669,Foot,--,,true,2016-03-21 15:49:47 UTC,2116749.0,false
7891630-7891631,644,2016-02-26 00:31:56 UTC,2016-02-26 00:33:05 UTC,Asia/Singapore,69.0,1.341572818333333,103.96353167416669,1.3401129,103.9628616,Foot,--,,true,2016-03-21 15:49:53 UTC,2116755.0,false
7891631-7891944,644,2016-02-26 00:34:40 UTC,2016-02-26 02:45:38 UTC,Asia/Singapore,7858.0,1.3401129,103.9628616,1.3401129,103.9628616,Foot,--,,true,2016-03-21 15:50:41 UTC,2114403.0,false
7891944-7901928,644,2016-02-26 09:52:04 UTC,2016-02-26 09:55:07 UTC,Asia/Singapore,183.0,1.3401129,103.9628616,1.341701731755991,103.96376775367082,Foot,--,,true,2016-03-21 15:50:43 UTC,2035202.0,false
7901928-7902516,644,2016-02-27 02:42:22 UTC,2016-02-27 02:55:00 UTC,Asia/Singapore,758.0,1.341701731755991,103.96376775367082,1.3314432967948258,103.94775726107493,Bus,--,Foot,true,2016-03-01 05:45:05 UTC,265154.0,false
7902516-7904969,644,2016-02-27 03:58:29 UTC,2016-02-27 04:07:43 UTC,Asia/Singapore,554.0,1.3314432967948258,103.94775726107493,1.3427132688888892,103.96182786777779,Bus,--,Car/Van,true,2016-03-21 15:50:56 UTC,2006119.0,false
7904969-7904970,644,2016-02-27 04:09:03 UTC,2016-02-27 04:11:14 UTC,Asia/Singapore,131.0,1.3427132688888892,103.96182786777779,1.3413018742857141,103.96212048,Foot,--,,true,2016-03-21 15:51:19 UTC,2006142.0,false
7904970-7904971,644,2016-02-27 04:12:26 UTC,2016-02-27 04:12:56 UTC,Asia/Singapore,30.0,1.3413018742857141,103.96212048,1.3401839157142856,103.96104667142858,Foot,--,,true,2016-03-21 15:51:36 UTC,2006159.0,false
7904971-7904972,644,2016-02-27 04:14:04 UTC,2016-02-27 04:21:17 UTC,Asia/Singapore,433.0,1.3401839157142856,103.96104667142858,1.3415240462704012,103.96516298649763,Foot,--,,true,2016-03-21 15:51:44 UTC,2006167.0,false
7904972-7906468,644,2016-02-27 10:38:16 UTC,2016-02-27 11:25:19 UTC,Asia/Singapore,2823.0,1.3415240462704012,103.96516298649763,1.3950578666153848,103.90567162076923,Bus,--,Car/Van,true,2016-03-21 15:52:20 UTC,1988486.0,false
7906468-7906470,644,2016-02-27 11:34:04 UTC,2016-02-27 11:42:15 UTC,Asia/Singapore,491.0,1.3950578666153848,103.90567162076923,1.3980767,103.91584820000003,Bus,--,Car/Van,true,2016-03-21 15:52:42 UTC,1988508.0,false
7906470-7906473,644,2016-02-27 11:47:37 UTC,2016-02-27 11:52:41 UTC,Asia/Singapore,304.0,1.3980767,103.91584820000003,1.3997370075,103.91587340791668,Foot,--,,true,2016-03-21 15:52:51 UTC,1988517.0,false
7906473-7906476,644,2016-02-27 12:05:15 UTC,2016-02-27 12:07:07 UTC,Asia/Singapore,112.0,1.3997370075,103.91587340791668,1.3980767,103.91584820000003,Foot,--,,true,2016-03-21 15:52:56 UTC,1988522.0,false
7907058-7912407,644,2016-02-27 16:39:19 UTC,2016-02-27 16:53:20 UTC,Asia/Singapore,841.0,1.3576245541381637,103.94528337165617,1.3980767,103.91584820000003,Car/Van,--,,true,2016-03-21 14:30:23 UTC,1939491.0,false
7912407-7913234,644,2016-02-28 04:11:27 UTC,2016-02-28 04:37:11 UTC,Asia/Singapore,1544.0,1.3980767,103.91584820000003,1.3539800269117648,103.95520774269609,Car/Van,--,,true,2016-03-21 14:30:29 UTC,1932289.0,false
7913234-7913236,644,2016-02-28 04:39:45 UTC,2016-02-28 04:44:25 UTC,Asia/Singapore,280.0,1.3539800269117648,103.95520774269609,1.3530029289714474,103.95368225421643,Foot,--,,true,2016-03-21 14:31:30 UTC,1932350.0,false
7913236-7924936,644,2016-02-28 05:45:57 UTC,2016-02-28 05:58:41 UTC,Asia/Singapore,764.0,1.3530029289714474,103.95368225421643,1.3424141412466195,103.96419231310946,Car/Van,--,,true,2016-03-21 14:30:34 UTC,1841352.0,false
7924936-7926080,644,2016-02-29 03:20:33 UTC,2016-02-29 03:23:52 UTC,Asia/Singapore,199.0,1.3424141412466195,103.96419231310946,1.3401129,103.9628616,Foot,--,,true,2016-03-21 14:29:37 UTC,1832321.0,false
7926080-7926083,644,2016-02-29 03:30:34 UTC,2016-02-29 03:31:34 UTC,Asia/Singapore,60.0,1.3401129,103.9628616,1.3396449284081657,103.96230533130428,Car/Van,--,,true,2016-03-21 14:29:46 UTC,1832330.0,false
7926083-7935606,644,2016-02-29 09:26:17 UTC,2016-02-29 09:27:58 UTC,Asia/Singapore,101.0,1.3396449284081657,103.96230533130428,1.3421968358079899,103.96432350515505,Foot,--,,true,2016-03-21 14:29:24 UTC,1761797.0,false
7935606-7935841,644,2016-03-01 04:53:02 UTC,2016-03-01 04:55:32 UTC,Asia/Singapore,150.0,1.3421968358079899,103.96432350515505,1.3401129,103.9628616,Foot,--,,true,2016-03-21 14:28:40 UTC,1759967.0,false
8561770-8562342,644,2016-05-20 03:22:39 UTC,2016-05-20 03:28:47 UTC,Asia/Singapore,368.0,1.3397973655555555,103.9609100911111,1.342047249634195,103.96396792538712,Foot,--,,true,2016-06-01 14:31:26 UTC,1060558.0,false
8562342-8567247,644,2016-05-20 07:19:46 UTC,2016-05-20 15:55:06 UTC,Asia/Singapore,30920.0,1.342047249634195,103.96396792538712,1.342440653457447,103.96441111356383,Foot,--,,true,2016-06-01 14:31:49 UTC,993682.0,false
8567247-8567557,644,2016-05-21 01:55:34 UTC,2016-05-21 02:11:02 UTC,Asia/Singapore,928.0,1.342440653457447,103.96441111356383,1.334919014375,103.96240843239582,Foot,--,,true,2016-06-01 14:32:39 UTC,988011.0,false
8567557-8567894,644,2016-05-21 02:57:48 UTC,2016-05-21 03:05:34 UTC,Asia/Singapore,466.0,1.334919014375,103.96240843239582,1.3274393703333331,103.94691534033335,LRT/MRT,--,Car/Van,true,2016-06-01 14:32:59 UTC,981426.0,false
8567894-8567895,644,2016-05-21 03:07:34 UTC,2016-05-21 03:19:14 UTC,Asia/Singapore,700.0,1.3274393703333331,103.94691534033335,1.3543367114285716,103.94395550714286,LRT/MRT,--,,true,2016-06-01 14:33:09 UTC,981436.0,false
8567895-8567897,644,2016-05-21 03:26:21 UTC,2016-05-21 03:41:48 UTC,Asia/Singapore,927.0,1.3543367114285716,103.94395550714286,1.39518076,103.90555937285714,Bus,--,Car/Van,true,2016-06-01 14:33:25 UTC,981452.0,false
8567897-8567899,644,2016-05-21 03:45:20 UTC,2016-05-21 03:55:41 UTC,Asia/Singapore,621.0,1.39518076,103.90555937285714,1.39664800375,103.91497976062499,Bus,--,,true,2016-06-01 14:33:49 UTC,981476.0,false
8567899-8567900,644,2016-05-21 03:56:58 UTC,2016-05-21 03:58:26 UTC,Asia/Singapore,88.0,1.39664800375,103.91497976062499,1.3980767,103.91584820000003,Foot,--,,true,2016-06-01 14:34:03 UTC,981490.0,false
8567900-8576806,644,2016-05-21 08:10:03 UTC,2016-05-21 08:28:17 UTC,Asia/Singapore,1094.0,1.3980767,103.91584820000003,1.4162437638095238,103.91490605428571,Bicycle,--,,true,2016-06-01 14:34:27 UTC,811405.0,false
8576806-8576808,644,2016-05-21 08:32:52 UTC,2016-05-21 08:43:27 UTC,Asia/Singapore,635.0,1.4162437638095238,103.91490605428571,1.4104159157291667,103.92347502385417,Bicycle,--,,true,2016-06-01 14:34:40 UTC,811418.0,false
8576808-8576811,644,2016-05-21 08:51:21 UTC,2016-05-21 08:57:48 UTC,Asia/Singapore,387.0,1.4104159157291667,103.92347502385417,1.401919393,103.92972615079998,Bicycle,--,,true,2016-06-01 14:34:50 UTC,811428.0,false
8576811-8576813,644,2016-05-21 09:03:44 UTC,2016-05-21 12:21:09 UTC,Asia/Singapore,11845.0,1.401919393,103.92972615079998,1.3980767,103.91584820000003,Bicycle,--,,true,2016-06-01 14:34:56 UTC,811434.0,false
8576813-8576846,644,2016-05-22 03:30:34 UTC,2016-05-22 03:42:55 UTC,Asia/Singapore,741.0,1.3980767,103.91584820000003,1.4067493277677694,103.90185374322058,Bicycle,--,,true,2016-06-01 14:35:43 UTC,811459.0,false
8576846-8576944,644,2016-05-22 05:02:31 UTC,2016-05-22 05:09:52 UTC,Asia/Singapore,441.0,1.4067493277677694,103.90185374322058,1.41059023,103.90660496565215,Bicycle,--,Foot,true,2016-06-01 14:35:59 UTC,811412.0,false
8576944-8576945,644,2016-05-22 05:14:27 UTC,2016-05-22 05:22:38 UTC,Asia/Singapore,491.0,1.41059023,103.90660496565215,1.3980767,103.91584820000003,Bicycle,--,,true,2016-06-01 14:36:06 UTC,811419.0,false
8576945-8577249,644,2016-05-22 11:51:55 UTC,2016-05-22 11:56:42 UTC,Asia/Singapore,287.0,1.3980767,103.91584820000003,1.3969218947916668,103.91421089562499,Foot,--,,true,2016-06-01 14:36:25 UTC,807059.0,false
8577249-8577251,644,2016-05-22 12:04:47 UTC,2016-05-22 12:20:56 UTC,Asia/Singapore,969.0,1.3969218947916668,103.91421089562499,1.395521658,103.90476891758334,Bus,--,Car/Van,true,2016-06-01 14:36:41 UTC,807075.0,false
8577251-8577256,644,2016-05-22 12:29:40 UTC,2016-05-22 13:04:15 UTC,Asia/Singapore,2075.0,1.395521658,103.90476891758334,1.34146814,103.96673825,Bus,--,Car/Van,true,2016-06-01 14:37:01 UTC,807095.0,false
8577256-8577257,644,2016-05-22 13:05:42 UTC,2016-05-22 13:08:44 UTC,Asia/Singapore,182.0,1.34146814,103.96673825,1.3423698215094069,103.96469545325496,Foot,--,,true,2016-06-01 14:37:08 UTC,807102.0,false
8577257-8577841,644,2016-05-23 04:56:22 UTC,2016-05-23 04:59:16 UTC,Asia/Singapore,174.0,1.3423698215094069,103.96469545325496,1.3401129,103.9628616,Foot,--,,true,2016-06-01 14:37:27 UTC,794211.0,false
8577841-8577842,644,2016-05-23 05:28:06 UTC,2016-05-23 05:31:05 UTC,Asia/Singapore,179.0,1.3401129,103.9628616,1.3417952225469922,103.96344794548871,Foot,--,,true,2016-06-01 14:37:31 UTC,794215.0,false
8577842-8577847,644,2016-05-23 09:26:26 UTC,2016-05-23 09:29:33 UTC,Asia/Singapore,187.0,1.3417952225469922,103.96344794548871,1.3401129,103.9628616,Foot,--,,true,2016-06-01 14:37:34 UTC,794218.0,false
8577847-8581558,644,2016-05-23 10:02:44 UTC,2016-05-23 10:05:32 UTC,Asia/Singapore,168.0,1.3401129,103.9628616,1.341804949632453,103.96385229030125,Foot,--,,true,2016-06-01 14:37:38 UTC,739328.0,false
8581558-8592266,644,2016-05-24 00:27:12 UTC,2016-05-24 00:33:04 UTC,Asia/Singapore,352.0,1.341804949632453,103.96385229030125,1.3409055892951254,103.96332191236465,Foot,--,,true,2016-06-01 14:37:50 UTC,508950.0,false
8592266-8592294,644,2016-05-25 03:36:33 UTC,2016-05-25 03:42:33 UTC,Asia/Singapore,360.0,1.3409055892951254,103.96332191236465,1.3423719261106832,103.96453989939329,Foot,--,,true,2016-06-01 14:38:05 UTC,508965.0,false
8592294-8592299,644,2016-05-25 08:18:42 UTC,2016-05-25 08:50:02 UTC,Asia/Singapore,1880.0,1.3423719261106832,103.96453989939329,1.3245371392278078,103.93003537434103,Bus,--,Car/Van,true,2016-06-01 14:39:26 UTC,509046.0,false
8592299-8592308,644,2016-05-25 10:45:59 UTC,2016-05-25 11:04:39 UTC,Asia/Singapore,1120.0,1.3245371392278078,103.93003537434103,1.3439112000000002,103.96225275666666,Bus,--,,true,2016-06-01 14:39:36 UTC,509056.0,false
8592308-8592309,644,2016-05-25 11:05:45 UTC,2016-05-25 11:13:35 UTC,Asia/Singapore,470.0,1.3439112000000002,103.96225275666666,1.3425440229403596,103.96463658553569,Foot,--,,true,2016-06-01 14:39:41 UTC,509061.0,false
8592309-8592374,644,2016-05-26 01:53:48 UTC,2016-05-26 04:56:56 UTC,Asia/Singapore,10988.0,1.3425440229403596,103.96463658553569,1.3408940281969115,103.96283340862341,Foot,--,,true,2016-06-01 14:40:11 UTC,509031.0,false
8592374-8592378,644,2016-05-26 08:43:42 UTC,2016-05-26 09:03:29 UTC,Asia/Singapore,1187.0,1.3408940281969115,103.96283340862341,1.3244704982107844,103.92999933617645,Bus,--,,true,2016-06-01 14:40:33 UTC,509053.0,false
8592378-8593608,644,2016-05-26 10:23:08 UTC,2016-05-26 10:50:01 UTC,Asia/Singapore,1613.0,1.3244704982107844,103.92999933617645,1.3439109366666668,103.96208564833334,Bus,--,,true,2016-06-01 14:41:14 UTC,462835.0,false
8593608-8593610,644,2016-05-26 10:52:48 UTC,2016-05-26 11:05:10 UTC,Asia/Singapore,742.0,1.3439109366666668,103.96208564833334,1.3425423571528992,103.9646325037158,Foot,--,,true,2016-06-01 14:41:22 UTC,462843.0,false
8593610-8593613,644,2016-05-27 00:24:01 UTC,2016-05-27 00:27:04 UTC,Asia/Singapore,183.0,1.3425423571528992,103.9646325037158,1.3400746324074073,103.96190842777779,Foot,--,,true,2016-06-01 14:42:02 UTC,462883.0,false
8593613-8593616,644,2016-05-27 03:27:16 UTC,2016-05-27 03:42:55 UTC,Asia/Singapore,939.0,1.3400746324074073,103.96190842777779,1.3423359614015151,103.96442579030303,Foot,--,,true,2016-06-01 14:42:06 UTC,462887.0,false
8593616-8593620,644,2016-05-27 04:50:36 UTC,2016-05-27 04:59:39 UTC,Asia/Singapore,543.0,1.3423359614015151,103.96442579030303,1.3401129,103.9628616,Foot,--,,true,2016-06-01 14:42:09 UTC,462890.0,false
8593620-8596229,644,2016-05-27 05:50:43 UTC,2016-05-27 06:00:09 UTC,Asia/Singapore,566.0,1.3401129,103.9628616,1.3424804727272728,103.96436126590908,Foot,--,,true,2016-06-01 14:42:14 UTC,422440.0,false
8596229-8596230,644,2016-05-27 08:18:47 UTC,2016-05-27 08:31:22 UTC,Asia/Singapore,755.0,1.3424804727272728,103.96436126590908,1.33960588,103.96096478,Foot,--,,true,2016-06-01 14:42:22 UTC,422448.0,false
8596230-8596233,644,2016-05-27 08:32:28 UTC,2016-05-27 09:43:27 UTC,Asia/Singapore,4259.0,1.33960588,103.96096478,1.2993353466666666,103.78770579666667,LRT/MRT,--,Car/Van,true,2016-06-01 14:44:27 UTC,422573.0,false
8596233-8598015,644,2016-05-27 10:35:19 UTC,2016-05-27 12:56:37 UTC,Asia/Singapore,8478.0,1.2993353466666666,103.78770579666667,1.3424050637275768,103.96440573418968,LRT/MRT,--,,true,2016-06-01 15:04:04 UTC,381506.0,false
8598015-8598017,644,2016-05-28 02:52:42 UTC,2016-05-28 03:42:21 UTC,Asia/Singapore,2979.0,1.3424050637275768,103.96440573418968,1.3459491503333334,103.94455693433333,Bus,--,,true,2016-06-01 15:05:43 UTC,381605.0,false
8598017-8598739,644,2016-05-28 04:06:17 UTC,2016-05-28 04:19:11 UTC,Asia/Singapore,774.0,1.3459491503333334,103.94455693433333,1.344931335818182,103.94023058022727,Foot,--,,true,2016-06-01 15:05:52 UTC,357016.0,false
8598739-8598741,644,2016-05-28 04:30:46 UTC,2016-05-28 04:45:23 UTC,Asia/Singapore,877.0,1.344931335818182,103.94023058022727,1.3419062590909088,103.96711437363638,Bus,--,Car/Van,true,2016-06-01 15:06:18 UTC,357042.0,false
8598741-8598742,644,2016-05-28 04:46:47 UTC,2016-05-28 04:55:21 UTC,Asia/Singapore,514.0,1.3419062590909088,103.96711437363638,1.3424893156862747,103.96436155882355,Foot,--,,true,2016-06-01 15:06:21 UTC,357045.0,false
8598742-8598744,644,2016-05-28 10:13:34 UTC,2016-05-28 10:41:56 UTC,Asia/Singapore,1702.0,1.3424893156862747,103.96436155882355,1.333068790909091,103.96028970909092,Foot,--,,true,2016-06-01 15:06:48 UTC,357072.0,false
8598744-8599131,644,2016-05-28 11:11:57 UTC,2016-05-28 11:15:18 UTC,Asia/Singapore,201.0,1.333068790909091,103.96028970909092,1.3349684499999999,103.9598121,Foot,--,,true,2016-06-01 15:07:19 UTC,342119.0,false
8599131-8599133,644,2016-05-28 11:18:41 UTC,2016-05-28 11:42:33 UTC,Asia/Singapore,1432.0,1.3349684499999999,103.9598121,1.3423709275005637,103.96461400904312,Foot,--,,true,2016-06-01 15:07:50 UTC,342150.0,false
8599133-8605330,644,2016-05-29 02:04:45 UTC,2016-05-29 02:11:22 UTC,Asia/Singapore,397.0,1.3423709275005637,103.96461400904312,1.3420995366666666,103.96693537666665,Foot,--,,true,2016-06-01 15:08:52 UTC,191758.0,false
8605330-8605333,644,2016-05-29 02:12:42 UTC,2016-05-29 02:38:54 UTC,Asia/Singapore,1572.0,1.3420995366666666,103.96693537666665,1.354427535,103.93142306857145,Bus,--,Car/Van,true,2016-06-01 15:09:01 UTC,191767.0,false
8605333-8605334,644,2016-05-29 02:40:17 UTC,2016-05-29 02:50:37 UTC,Asia/Singapore,620.0,1.354427535,103.93142306857145,1.3501573608333333,103.93350916041666,Foot,--,,true,2016-06-01 15:09:27 UTC,191793.0,false
8605334-8605336,644,2016-05-29 02:57:16 UTC,2016-05-29 03:00:20 UTC,Asia/Singapore,184.0,1.3501573608333333,103.93350916041666,1.3498841209123267,103.93469531779274,Foot,--,,true,2016-06-01 15:09:42 UTC,191808.0,false
8605336-8605343,644,2016-05-29 05:24:51 UTC,2016-05-29 05:42:21 UTC,Asia/Singapore,1050.0,1.3498841209123267,103.93469531779274,1.3547119488034187,103.94479994771368,Bus,--,Car/Van,true,2016-06-01 15:10:16 UTC,191842.0,false
8605343-8605347,644,2016-05-29 06:39:22 UTC,2016-05-29 06:58:15 UTC,Asia/Singapore,1133.0,1.3547119488034187,103.94479994771368,1.3951241496428572,103.90551834607145,Bus,--,Car/Van,true,2016-06-01 15:10:29 UTC,191855.0,false
8605347-8605350,644,2016-05-29 07:10:52 UTC,2016-05-29 07:22:31 UTC,Asia/Singapore,699.0,1.3951241496428572,103.90551834607145,1.396390921875,103.914936208125,Bus,--,Car/Van,true,2016-06-01 15:10:49 UTC,191875.0,false
8605350-8605351,644,2016-05-29 07:24:27 UTC,2016-05-29 07:27:27 UTC,Asia/Singapore,180.0,1.396390921875,103.914936208125,1.3980767,103.91584820000003,Foot,--,,true,2016-06-01 15:10:54 UTC,191880.0,false
8605351-8605352,644,2016-05-29 10:12:30 UTC,2016-05-29 15:34:47 UTC,Asia/Singapore,19337.0,1.3980767,103.91584820000003,1.342478050285715,103.96434057714285,Bus,--,,true,2016-06-01 15:11:12 UTC,191898.0,false
8605352-8605353,644,2016-05-30 01:02:12 UTC,2016-05-30 01:04:14 UTC,Asia/Singapore,122.0,1.342478050285715,103.96434057714285,1.3414460839285713,103.96352310714286,Foot,--,,true,2016-06-01 15:11:23 UTC,191909.0,false
8605353-8609736,644,2016-05-30 01:56:31 UTC,2016-05-30 02:06:58 UTC,Asia/Singapore,627.0,1.3414460839285713,103.96352310714286,1.3415215199479165,103.96343052760417,Foot,--,,true,2016-06-01 15:11:28 UTC,97842.0,false
8609736-8610160,644,2016-05-30 07:25:14 UTC,2016-05-30 07:27:00 UTC,Asia/Singapore,106.0,1.3415215199479165,103.96343052760417,1.3401129,103.9628616,Foot,--,,true,2016-06-01 15:11:33 UTC,88554.0,false
8610160-8610600,644,2016-05-31 11:22:39 UTC,2016-05-31 11:26:03 UTC,Asia/Singapore,204.0,1.3401129,103.9628616,1.342473201298701,103.96436173896105,Foot,--,,true,2016-06-01 15:11:54 UTC,79572.0,false
8610600-8611510,644,2016-05-31 15:26:10 UTC,2016-05-31 15:33:45 UTC,Asia/Singapore,455.0,1.342473201298701,103.96436173896105,1.3396877033333334,103.96112286333333,Foot,--,,true,2016-06-01 15:11:57 UTC,57087.0,false
8611510-8611511,644,2016-05-31 15:35:10 UTC,2016-05-31 15:41:05 UTC,Asia/Singapore,355.0,1.3396877033333334,103.96112286333333,1.3424270913200083,103.96438282632747,Foot,--,,true,2016-06-01 15:12:05 UTC,57095.0,false
8611511-8613435,644,2016-06-01 00:31:38 UTC,2016-06-01 01:31:57 UTC,Asia/Singapore,3619.0,1.3424270913200083,103.96438282632747,1.3401129,103.9628616,Foot,--,,true,2016-06-01 15:12:54 UTC,13624.0,false
8613435-8613446,644,2016-06-01 10:19:28 UTC,2016-06-01 10:29:47 UTC,Asia/Singapore,619.0,1.3401129,103.9628616,1.3345332158333334,103.96255277166668,Foot,--,,true,2016-06-01 15:13:07 UTC,13637.0,false
8613446-8613972,644,2016-06-01 11:08:51 UTC,2016-06-01 11:25:54 UTC,Asia/Singapore,1023.0,1.3345332158333334,103.96255277166668,1.3406102259698822,103.96285625140541,Foot,--,,true,2016-06-02 09:40:38 UTC,69309.0,false
8613972-8616226,644,2016-06-02 08:48:41 UTC,2016-06-02 09:09:31 UTC,Asia/Singapore,1250.0,1.3406102259698822,103.96285625140541,1.3426124385416667,103.96514243749999,Foot,--,,false,2016-06-02 15:04:00 UTC,19408.0,false
8616226-8617395,644,2016-06-02 10:00:34 UTC,2016-06-02 10:09:34 UTC,Asia/Singapore,540.0,1.3426124385416667,103.96514243749999,1.33958617,103.96081334,Foot,--,,false,2016-06-02 16:02:33 UTC,1120.0,false
8617395-8617396,644,2016-06-02 10:11:17 UTC,2016-06-02 10:59:32 UTC,Asia/Singapore,2895.0,1.33958617,103.96081334,1.2898246,103.8162643,Car/Van,--,,false,2016-06-02 16:02:36 UTC,1123.0,false
8617396-8617397,644,2016-06-02 11:00:35 UTC,2016-06-02 11:11:26 UTC,Asia/Singapore,651.0,1.2898246,103.8162643,1.3066820474999998,103.78870167,Foot,--,,false,2016-06-02 16:02:41 UTC,1128.0,false
8617397-8620427,644,2016-06-02 11:36:36 UTC,2016-06-02 14:56:21 UTC,Asia/Singapore,11985.0,1.3066820474999998,103.78870167,1.342524316964286,103.96458946247023,Default,--,,false,2016-06-03 04:00:12 UTC,265.0,false
8620427-8620434,644,2016-06-03 00:45:12 UTC,2016-06-03 00:47:57 UTC,Asia/Singapore,165.0,1.342524316964286,103.96458946247023,1.34156545,103.963483,Foot,--,,false,2016-06-03 04:00:28 UTC,281.0,false
8620434-8620435,644,2016-06-03 00:50:44 UTC,2016-06-03 00:58:00 UTC,Asia/Singapore,436.0,1.34156545,103.963483,1.3400958684210527,103.9609160894737,Foot,--,,false,2016-06-03 04:00:31 UTC,284.0,false
8620435-8620436,644,2016-06-03 01:53:45 UTC,2016-06-03 01:56:45 UTC,Asia/Singapore,180.0,1.3400958684210527,103.9609160894737,1.3389975,103.96208275000001,Foot,--,,false,2016-06-03 04:00:32 UTC,285.0,false
8620436-8620437,644,2016-06-03 01:59:47 UTC,2016-06-03 02:02:43 UTC,Asia/Singapore,176.0,1.3389975,103.96208275000001,1.3399867333333333,103.96091873333332,Foot,--,,false,2016-06-03 04:00:34 UTC,287.0,false
8620437-8620438,644,2016-06-03 02:47:47 UTC,2016-06-03 02:53:45 UTC,Asia/Singapore,358.0,1.3399867333333333,103.96091873333332,1.3424767393012154,103.96434875476562,Foot,--,,false,2016-06-03 05:45:42 UTC,6595.0,false
8620438-8621291,644,2016-06-03 05:32:00 UTC,2016-06-03 05:38:06 UTC,Asia/Singapore,366.0,1.3424767393012154,103.96434875476562,1.34100745,103.96181764821428,Foot,--,,false,2016-06-03 11:00:27 UTC,3000.0,false
8621291-8621293,644,2016-06-03 06:08:07 UTC,2016-06-03 06:26:52 UTC,Asia/Singapore,1125.0,1.34100745,103.96181764821428,1.3425402040816328,103.96474701938773,Foot,--,,false,2016-06-03 11:00:31 UTC,3004.0,false
7810555-7811249,645,2016-02-17 05:35:48 UTC,2016-02-17 05:38:03 UTC,Asia/Singapore,135.0,1.3398916935556855,103.96104332004343,1.3409991443040767,103.96294568799945,Foot,--,,true,2016-03-23 03:49:41 UTC,3013157.0,false
7811249-7811251,645,2016-02-17 06:14:45 UTC,2016-02-17 06:16:07 UTC,Asia/Singapore,82.0,1.3409991443040767,103.96294568799945,1.3414308886486177,103.96445074767553,Foot,--,,true,2016-03-23 03:50:42 UTC,3013218.0,false
7811251-7811944,645,2016-02-17 06:41:16 UTC,2016-02-17 06:48:10 UTC,Asia/Singapore,414.0,1.3414308886486177,103.96445074767553,1.3408743945923804,103.96127542636133,Foot,--,,true,2016-03-23 03:50:56 UTC,3004215.0,false
7811944-7812001,645,2016-02-17 07:14:01 UTC,2016-02-17 07:17:28 UTC,Asia/Singapore,207.0,1.3408743945923804,103.96127542636133,1.3415220828265533,103.9638441809604,Foot,--,,true,2016-03-23 03:51:10 UTC,3003648.0,false
7812001-7812352,645,2016-02-17 08:34:01 UTC,2016-02-17 08:35:24 UTC,Asia/Singapore,83.0,1.3415220828265533,103.9638441809604,1.3406882412262848,103.96179443629362,Foot,--,,true,2016-03-23 03:51:23 UTC,2996446.0,false
7812352-7812383,645,2016-02-17 09:06:06 UTC,2016-02-17 09:08:09 UTC,Asia/Singapore,123.0,1.3406882412262848,103.96179443629362,1.3416803117153826,103.96441310863597,Foot,--,,true,2016-03-23 03:51:51 UTC,2996172.0,false
7812383-7812429,645,2016-02-17 09:37:46 UTC,2016-02-17 09:53:42 UTC,Asia/Singapore,956.0,1.3416803117153826,103.96441310863597,1.3342509291780278,103.96257507223866,Foot,--,,true,2016-03-23 03:52:16 UTC,2995613.0,false
7812429-7819716,645,2016-02-17 11:02:34 UTC,2016-02-17 11:10:51 UTC,Asia/Singapore,497.0,1.3342509291780278,103.96257507223866,1.3382867642194307,103.96451227346998,Foot,--,,true,2016-03-23 03:52:21 UTC,2919701.0,false
7819716-7819717,645,2016-02-17 11:12:13 UTC,2016-02-17 11:13:36 UTC,Asia/Singapore,83.0,1.3382867642194307,103.96451227346998,1.3404134908772858,103.96451434122986,Foot,--,,true,2016-03-23 03:52:48 UTC,2919728.0,false
7819717-7819719,645,2016-02-17 11:19:49 UTC,2016-02-17 11:21:11 UTC,Asia/Singapore,82.0,1.3404134908772858,103.96451434122986,1.3419664474357214,103.96421108730101,Foot,--,,true,2016-03-23 03:53:16 UTC,2919756.0,false
7819905-7827289,645,2016-02-18 17:14:54 UTC,2016-02-19 06:57:33 UTC,Asia/Singapore,49359.0,1.3419757598631494,103.96427105917167,1.2920204167562628,103.77413990661535,Car/Van,--,,true,2016-03-23 03:54:42 UTC,2836142.0,false
7827289-7829296,645,2016-02-19 07:57:31 UTC,2016-02-19 08:10:06 UTC,Asia/Singapore,755.0,1.2920204167562628,103.77413990661535,1.2787699920583373,103.82342055343257,Car/Van,--,,true,2016-03-23 03:55:00 UTC,2814231.0,false
7829296-7829298,645,2016-02-19 08:15:46 UTC,2016-02-19 08:40:35 UTC,Asia/Singapore,1489.0,1.2787699920583373,103.82342055343257,1.3417913743738843,103.96415799902344,Car/Van,--,,true,2016-03-23 03:55:27 UTC,2814258.0,false
7829298-7829299,645,2016-02-19 08:51:37 UTC,2016-02-19 09:43:05 UTC,Asia/Singapore,3088.0,1.3417913743738843,103.96415799902344,1.3532291320706678,103.94515102856639,Foot,--,Default,false,2016-03-23 03:56:37 UTC,2814328.0,false
7829299-7836397,645,2016-02-19 13:25:50 UTC,2016-02-19 13:41:33 UTC,Asia/Singapore,943.0,1.3532291320706678,103.94515102856639,1.3358943816935753,103.96115052577309,LRT/MRT,--,Car/Van,true,2016-03-23 03:57:13 UTC,2739385.0,false
7836397-7836400,645,2016-02-19 13:43:55 UTC,2016-02-19 13:55:07 UTC,Asia/Singapore,672.0,1.3358943816935753,103.96115052577309,1.3416342621599056,103.96394680225455,Foot,--,,true,2016-03-23 03:57:25 UTC,2739397.0,false
7836400-7836704,645,2016-02-20 10:50:00 UTC,2016-02-20 10:52:04 UTC,Asia/Singapore,124.0,1.3416342621599056,103.96394680225455,1.341818691281051,103.96172609146015,Foot,--,,true,2016-03-23 03:58:24 UTC,2736763.0,false
7836704-7837012,645,2016-02-20 11:27:55 UTC,2016-02-20 11:47:12 UTC,Asia/Singapore,1157.0,1.341818691281051,103.96172609146015,1.3378750697137785,103.96391580790925,Foot,--,Default,true,2016-03-23 03:58:33 UTC,2734367.0,false
7837012-7837014,645,2016-02-20 11:51:20 UTC,2016-02-20 11:52:02 UTC,Asia/Singapore,42.0,1.3378750697137785,103.96391580790925,1.335341903195923,103.96333090420566,Foot,--,Car/Van,true,2016-03-23 03:58:48 UTC,2734382.0,false
7837014-7851626,645,2016-02-20 12:11:20 UTC,2016-02-20 12:22:22 UTC,Asia/Singapore,662.0,1.335341903195923,103.96333090420566,1.342084639695579,103.96433730084624,Foot,--,,true,2016-03-23 03:58:56 UTC,2601492.0,false
7851626-7852004,645,2016-02-22 01:00:33 UTC,2016-02-22 01:02:37 UTC,Asia/Singapore,124.0,1.342084639695579,103.96433730084624,1.3409202286385895,103.96311519788014,Foot,--,,true,2016-03-23 03:59:19 UTC,2596417.0,false
7852004-7854205,645,2016-02-22 03:05:21 UTC,2016-02-22 03:08:48 UTC,Asia/Singapore,207.0,1.3409202286385895,103.96311519788014,1.3421531938692954,103.96412187552187,Foot,--,,true,2016-03-23 03:59:28 UTC,2573307.0,false
7854205-7854715,645,2016-02-22 08:24:16 UTC,2016-02-22 08:26:24 UTC,Asia/Singapore,128.0,1.3421531938692954,103.96412187552187,1.3405716529905018,103.96255790687863,Foot,--,,true,2016-03-23 03:59:46 UTC,2570642.0,false
7854715-7856161,645,2016-02-22 10:18:04 UTC,2016-02-22 10:21:31 UTC,Asia/Singapore,207.0,1.3405716529905018,103.96255790687863,1.3391394907266032,103.96177533785487,Foot,--,,true,2016-03-23 04:00:09 UTC,2554454.0,false
7856161-7856163,645,2016-02-22 10:25:39 UTC,2016-02-22 10:27:44 UTC,Asia/Singapore,125.0,1.3391394907266032,103.96177533785487,1.3359142029047586,103.96076148319648,Foot,--,,true,2016-03-23 04:00:16 UTC,2554461.0,false
7856163-7856164,645,2016-02-22 10:29:06 UTC,2016-02-22 10:31:11 UTC,Asia/Singapore,125.0,1.3359142029047586,103.96076148319648,1.335015837493657,103.96217198407103,Foot,--,,true,2016-03-23 04:00:28 UTC,2554473.0,false
7856164-7864434,645,2016-02-22 11:20:06 UTC,2016-02-22 11:22:10 UTC,Asia/Singapore,124.0,1.335015837493657,103.96217198407103,1.3367549505297782,103.96353334640891,Foot,--,,true,2016-03-23 04:00:30 UTC,2463587.0,false
7864434-7864435,645,2016-02-22 11:23:33 UTC,2016-02-22 11:24:14 UTC,Asia/Singapore,41.0,1.3367549505297782,103.96353334640891,1.3386501872157905,103.96435194973637,Foot,--,,true,2016-03-23 04:00:34 UTC,2463591.0,false
7864435-7864437,645,2016-02-22 11:28:15 UTC,2016-02-22 11:33:54 UTC,Asia/Singapore,339.0,1.3386501872157905,103.96435194973637,1.3419279559598043,103.9642417255854,Foot,--,,true,2016-03-23 04:00:42 UTC,2463599.0,false
7864437-7873837,645,2016-02-24 00:37:21 UTC,2016-02-24 00:40:47 UTC,Asia/Singapore,206.0,1.3419279559598043,103.9642417255854,1.340524955080146,103.96283631281662,Foot,--,,true,2016-03-23 04:01:37 UTC,2382055.0,false
7873837-7874228,645,2016-02-24 01:06:26 UTC,2016-02-24 13:53:37 UTC,Asia/Singapore,46031.0,1.340524955080146,103.96283631281662,1.3349255142284688,103.96215141532811,Default,--,,false,2016-03-23 04:01:57 UTC,2379672.0,false
7874228-7874229,645,2016-02-24 13:58:29 UTC,2016-02-24 14:07:23 UTC,Asia/Singapore,534.0,1.3349255142284688,103.96215141532811,1.3565803333365,103.98707524616388,Car/Van,--,,true,2016-03-23 04:02:38 UTC,2379713.0,false
7874229-7874230,645,2016-02-24 14:12:12 UTC,2016-02-24 14:14:58 UTC,Asia/Singapore,166.0,1.3565803333365,103.98707524616388,1.3547131717652237,103.98673906427567,Foot,--,,true,2016-03-23 04:02:51 UTC,2379726.0,false
7874230-7878817,645,2016-02-24 14:43:51 UTC,2016-02-24 15:05:14 UTC,Asia/Singapore,1283.0,1.3547131717652237,103.98673906427567,1.2814321121556427,103.84029412904351,Car/Van,--,,true,2016-03-23 04:03:12 UTC,2335025.0,false
7878817-7879008,645,2016-02-24 16:31:38 UTC,2016-02-25 03:19:09 UTC,Asia/Singapore,38851.0,1.2814321121556427,103.84029412904351,1.280117771243166,103.84004150851894,Default,--,,false,2016-03-23 04:09:56 UTC,2332752.0,false
7879008-7879865,645,2016-02-25 05:49:21 UTC,2016-02-25 05:57:39 UTC,Asia/Singapore,498.0,1.280117771243166,103.84004150851894,1.2650780648284101,103.82155134569861,Car/Van,--,,true,2016-03-23 04:10:26 UTC,2322883.0,false
7879865-7881221,645,2016-02-25 08:03:28 UTC,2016-02-25 08:16:33 UTC,Asia/Singapore,785.0,1.2650780648284101,103.82155134569861,1.2796432182964392,103.83948923621722,LRT/MRT,--,Bus,true,2016-03-23 04:11:26 UTC,2311224.0,false
7881221-7881222,645,2016-02-25 08:18:37 UTC,2016-02-25 08:20:05 UTC,Asia/Singapore,88.0,1.2796432182964392,103.83948923621722,1.2807707549022644,103.84054643557621,Foot,--,,true,2016-03-23 04:11:06 UTC,2311204.0,false
7881222-7881223,645,2016-02-25 08:21:22 UTC,2016-02-25 08:53:06 UTC,Asia/Singapore,1904.0,1.2807707549022644,103.84054643557621,1.2802282541634626,103.84018948025022,Default,--,,false,2016-02-25 13:55:42 UTC,13480.0,false
7881223-7882558,645,2016-02-25 10:35:45 UTC,2016-02-25 11:10:30 UTC,Asia/Singapore,2085.0,1.2802282541634626,103.84018948025022,1.3275500748483966,103.9465559332404,LRT/MRT,--,,true,2016-03-23 04:11:59 UTC,2297476.0,false
7882558-7882559,645,2016-02-25 11:13:41 UTC,2016-02-25 11:18:13 UTC,Asia/Singapore,272.0,1.3275500748483966,103.9465559332404,1.3345854107391046,103.96248637869996,LRT/MRT,--,Car/Van,true,2016-03-23 04:12:27 UTC,2297504.0,false
7882559-7882561,645,2016-02-25 11:22:18 UTC,2016-02-25 11:25:04 UTC,Asia/Singapore,166.0,1.3345854107391046,103.96248637869996,1.335277064597536,103.96462566809981,Foot,--,,true,2016-03-23 04:12:30 UTC,2297507.0,false
7882561-7884150,645,2016-02-25 11:43:20 UTC,2016-02-25 11:53:00 UTC,Asia/Singapore,580.0,1.335277064597536,103.96462566809981,1.3419818761074076,103.96428485285125,Foot,--,,true,2016-03-23 04:12:46 UTC,2290891.0,false
7884150-7891032,645,2016-02-25 19:45:43 UTC,2016-02-26 02:21:44 UTC,Asia/Singapore,23761.0,1.3419818761074076,103.96428485285125,1.340219558558375,103.96155650646412,Default,--,,false,2016-03-23 04:13:22 UTC,2251659.0,false
7891032-7891463,645,2016-02-26 02:43:56 UTC,2016-02-26 02:45:58 UTC,Asia/Singapore,122.0,1.340219558558375,103.96155650646412,1.34179717531656,103.96383234966304,Foot,--,,true,2016-03-23 04:13:32 UTC,2248967.0,false
7891463-7893031,645,2016-02-26 05:49:02 UTC,2016-02-26 05:51:47 UTC,Asia/Singapore,165.0,1.34179717531656,103.96383234966304,1.3403132190442264,103.96271121287202,Foot,--,,true,2016-03-23 04:13:45 UTC,2238759.0,false
7893031-7893755,645,2016-02-26 07:08:38 UTC,2016-02-26 07:11:23 UTC,Asia/Singapore,165.0,1.3403132190442264,103.96271121287202,1.3417506453263632,103.96455376775475,Foot,--,,true,2016-03-23 04:13:55 UTC,2233672.0,false
7893755-7894147,645,2016-02-26 08:14:29 UTC,2016-02-26 08:46:51 UTC,Asia/Singapore,1942.0,1.3417506453263632,103.96455376775475,1.2754268644463043,103.79467862058762,Car/Van,--,,true,2016-03-23 04:14:38 UTC,2228921.0,false
7894147-7894148,645,2016-02-26 08:47:52 UTC,2016-02-26 08:48:32 UTC,Asia/Singapore,40.0,1.2754268644463043,103.79467862058762,1.2748005173167751,103.79665090821803,Foot,--,Car/Van,true,2016-03-23 04:14:45 UTC,2228928.0,false
7894148-7894679,645,2016-02-26 09:34:18 UTC,2016-02-26 09:41:12 UTC,Asia/Singapore,414.0,1.2748005173167751,103.79665090821803,1.2727967266262823,103.80221661567678,Foot,--,,true,2016-03-23 04:14:53 UTC,2222350.0,false
7894679-7894682,645,2016-02-26 09:48:26 UTC,2016-02-26 09:58:47 UTC,Asia/Singapore,621.0,1.2727967266262823,103.80221661567678,1.2651632860047721,103.82183908689231,LRT/MRT,--,Car/Van,true,2016-03-23 04:15:09 UTC,2222366.0,false
7894682-7894776,645,2016-02-26 10:29:28 UTC,2016-02-26 10:32:55 UTC,Asia/Singapore,207.0,1.2651632860047721,103.82183908689231,1.2634914140878155,103.82309728039358,Foot,--,,true,2016-03-23 04:15:22 UTC,2221480.0,false
7894776-7895262,645,2016-02-26 12:00:50 UTC,2016-02-26 12:02:54 UTC,Asia/Singapore,124.0,1.2634914140878155,103.82309728039358,1.2651624782375044,103.82232455258483,Foot,--,,true,2016-03-23 04:15:29 UTC,2216362.0,false
7895262-7895264,645,2016-02-26 12:07:01 UTC,2016-02-26 12:10:29 UTC,Asia/Singapore,208.0,1.2651624782375044,103.82232455258483,1.2556477026884836,103.8208141179002,LRT/MRT,--,Car/Van,true,2016-03-23 04:15:40 UTC,2216373.0,false
7895264-7895265,645,2016-02-26 12:11:31 UTC,2016-02-26 12:12:54 UTC,Asia/Singapore,83.0,1.2556477026884836,103.8208141179002,1.2513188183500255,103.81783173404023,LRT/MRT,--,,true,2016-03-23 04:16:02 UTC,2216395.0,false
7895265-7895624,645,2016-02-26 12:37:43 UTC,2016-02-26 12:44:38 UTC,Asia/Singapore,415.0,1.2513188183500255,103.81783173404023,1.2648132718496414,103.82216551016205,Foot,--,Car/Van,true,2016-03-23 04:16:16 UTC,2213713.0,false
7895624-7902255,645,2016-02-26 13:11:55 UTC,2016-02-26 13:27:23 UTC,Asia/Singapore,928.0,1.2648132718496414,103.82216551016205,1.2803195425217804,103.8402810037457,LRT/MRT,--,Bus,true,2016-03-23 04:16:21 UTC,2163005.0,false
7902255-7903336,645,2016-02-27 05:08:28 UTC,2016-02-27 05:10:33 UTC,Asia/Singapore,125.0,1.2803195425217804,103.8402810037457,1.282218246672802,103.84196268603459,Foot,--,,true,2016-03-23 04:16:46 UTC,2154949.0,false
7903336-7913449,645,2016-02-27 05:57:47 UTC,2016-02-27 05:59:51 UTC,Asia/Singapore,124.0,1.282218246672802,103.84196268603459,1.2800094504671073,103.83998211231986,Foot,--,,true,2016-03-23 04:16:54 UTC,2064961.0,false
7913449-7913496,645,2016-02-27 08:21:08 UTC,2016-02-27 10:08:13 UTC,Asia/Singapore,6425.0,1.2800094504671073,103.83998211231986,1.3043311126360473,103.83168186909023,LRT/MRT,--,,true,2016-03-23 04:17:09 UTC,2064669.0,false
7913585-7913587,645,2016-02-28 04:39:30 UTC,2016-02-28 04:42:58 UTC,Asia/Singapore,208.0,1.2796415116326818,103.83957577440465,1.282660012792899,103.84233852964513,Foot,--,,true,2016-03-23 04:17:34 UTC,2063213.0,false
7913587-7913663,645,2016-02-28 05:57:45 UTC,2016-02-28 06:01:12 UTC,Asia/Singapore,207.0,1.282660012792899,103.84233852964513,1.2800309310448106,103.83973099943648,Foot,--,,true,2016-03-23 04:17:42 UTC,2062012.0,false
7913663-7913664,645,2016-02-28 06:02:24 UTC,2016-02-28 06:28:09 UTC,Asia/Singapore,1545.0,1.2800309310448106,103.83973099943648,1.341332346859681,103.96408329111787,Car/Van,--,,true,2016-03-23 04:18:01 UTC,2062031.0,false
7913664-7915282,645,2016-02-28 08:47:14 UTC,2016-02-28 08:55:31 UTC,Asia/Singapore,497.0,1.341332346859681,103.96408329111787,1.35260515419801,103.94538891532706,Car/Van,--,,true,2016-03-23 04:18:17 UTC,2044027.0,false
7915282-7915577,645,2016-02-28 11:13:28 UTC,2016-02-28 12:18:51 UTC,Asia/Singapore,3923.0,1.35260515419801,103.94538891532706,1.3565967877509917,103.98745348665358,LRT/MRT,--,,true,2016-03-23 04:18:41 UTC,2041074.0,false
7915577-7937483,645,2016-02-28 12:50:12 UTC,2016-02-28 12:57:49 UTC,Asia/Singapore,457.0,1.3565967877509917,103.98745348665358,1.3350378457639693,103.96188370700222,LRT/MRT,--,Car/Van,true,2016-03-23 04:18:52 UTC,1885087.0,false
7937483-7937485,645,2016-02-28 12:58:56 UTC,2016-02-28 13:07:28 UTC,Asia/Singapore,512.0,1.3350378457639693,103.96188370700222,1.3416793304775416,103.96390071177296,Foot,--,,true,2016-03-23 04:18:54 UTC,1885089.0,false
7937485-7937526,645,2016-03-01 05:01:17 UTC,2016-03-01 05:03:21 UTC,Asia/Singapore,124.0,1.3416793304775416,103.96390071177296,1.3407662198207124,103.96266061563384,Foot,--,,true,2016-03-21 14:58:58 UTC,1750693.0,false
7937526-7943185,645,2016-03-01 07:09:54 UTC,2016-03-01 07:11:16 UTC,Asia/Singapore,82.0,1.3407662198207124,103.96266061563384,1.3418848856896908,103.96440333754754,Foot,--,,true,2016-03-21 14:58:48 UTC,1691886.0,false
7943185-7944639,645,2016-03-02 00:45:54 UTC,2016-03-02 00:48:39 UTC,Asia/Singapore,165.0,1.3418848856896908,103.96440333754754,1.3399343263862098,103.96149648256203,Foot,--,,true,2016-03-23 04:19:28 UTC,1813422.0,false
7944639-7947013,645,2016-03-02 04:44:32 UTC,2016-03-02 04:49:21 UTC,Asia/Singapore,289.0,1.3399343263862098,103.96149648256203,1.3415982010043785,103.96406157269055,Foot,--,,true,2016-03-23 04:19:43 UTC,1788260.0,false
7947013-7947200,645,2016-03-02 10:53:45 UTC,2016-03-02 11:16:31 UTC,Asia/Singapore,1366.0,1.3415982010043785,103.96406157269055,1.3256455690069873,103.9342568407063,Bus,--,Car/Van,true,2016-03-23 04:20:17 UTC,1785879.0,false
7947200-7949050,645,2016-03-02 11:58:55 UTC,2016-03-02 11:58:59 UTC,Asia/Singapore,4.0,1.3256455690069873,103.9342568407063,1.3266634417965864,103.9330664871161,Foot,--,,true,2016-03-23 04:20:27 UTC,1764271.0,false
7949050-7949052,645,2016-03-02 12:00:18 UTC,2016-03-02 12:05:49 UTC,Asia/Singapore,331.0,1.3266634417965864,103.9330664871161,1.3242313423317196,103.92956707946121,Foot,--,,true,2016-03-23 04:20:33 UTC,1764277.0,false
7949052-7952853,645,2016-03-02 12:54:24 UTC,2016-03-02 13:10:16 UTC,Asia/Singapore,952.0,1.3242313423317196,103.92956707946121,1.3361046494958335,103.96063201687487,Bus,--,Car/Van,true,2016-03-23 04:20:51 UTC,1722609.0,false
7952853-7952857,645,2016-03-02 13:14:24 UTC,2016-03-02 13:21:18 UTC,Asia/Singapore,414.0,1.3361046494958335,103.96063201687487,1.3417031031019346,103.96389210745517,Foot,--,,true,2016-03-23 04:20:56 UTC,1722614.0,false
7952857-7953100,645,2016-03-03 05:06:12 UTC,2016-03-03 05:07:14 UTC,Asia/Singapore,62.0,1.3417031031019346,103.96389210745517,1.3404592948037397,103.96279000436232,Foot,--,,true,2016-03-23 04:21:14 UTC,1719951.0,false
7953100-7956812,645,2016-03-03 06:59:56 UTC,2016-03-03 07:02:00 UTC,Asia/Singapore,124.0,1.3404592948037397,103.96279000436232,1.3419628013189842,103.96426454919649,Foot,--,,true,2016-03-23 04:21:16 UTC,1676435.0,false
7956812-7960082,645,2016-03-04 00:50:10 UTC,2016-03-04 00:53:01 UTC,Asia/Singapore,171.0,1.3419628013189842,103.96426454919649,1.3406283705503632,103.96313022551385,Foot,--,,true,2016-03-21 14:32:09 UTC,1512089.0,false
7960082-7960083,645,2016-03-04 00:54:34 UTC,2016-03-04 00:55:51 UTC,Asia/Singapore,77.0,1.3406283705503632,103.96313022551385,1.3402767251241294,103.96160650078497,Foot,--,,true,2016-03-23 03:48:34 UTC,1646274.0,false
7960083-7960626,645,2016-03-04 02:52:25 UTC,2016-03-04 02:53:12 UTC,Asia/Singapore,47.0,1.3402767251241294,103.96160650078497,1.3415247937530232,103.96377925751267,Car/Van,--,,true,2016-03-23 03:48:44 UTC,1641163.0,false
